customer_id,full_name,gender,dob,phone,email,city,state
1,Karan Nair,Male,1981-12-21,9887965004,karan.nair1@gmail.com,Delhi,Delhi
2,Sai Yadav,Male,1996-12-03,9738186219,sai.yadav2@gmail.com,Bengaluru,Karnataka
3,Diya Gupta,Female,1987-04-13,9675675507,diya.gupta3@gmail.com,Pune,Maharashtra
4,Arjun Joshi,Male,1998-02-10,9615877819,arjun.joshi4@gmail.com,Mumbai,Maharashtra
5,Priya Reddy,Female,1978-08-25,9465177087,priya.reddy5@gmail.com,Bengaluru,Karnataka
6,Priya Reddy,Female,1978-01-21,9206905271,priya.reddy6@gmail.com,Ahmedabad,Gujarat
7,Aarav Patel,Male,1995-03-03,9911866714,aarav.patel7@gmail.com,Mumbai,Maharashtra
8,Vivaan Sharma,Male,1973-04-30,9705309207,vivaan.sharma8@gmail.com,Ahmedabad,Gujarat
9,Rohan Kumar,Male,1993-09-04,9480683374,rohan.kumar9@gmail.com,Hyderabad,Telangana
10,Aarav Singh,Male,2005-01-02,9422641944,aarav.singh10@gmail.com,Delhi,Delhi
11,Meera Singh,Female,2009-03-06,9210838881,meera.singh11@gmail.com,Kolkata,West Bengal
12,Aman Nair,Male,2005-08-15,9939011936,aman.nair12@gmail.com,Ahmedabad,Gujarat
13,Kabir Verma,Male,1981-11-06,9082903484,kabir.verma13@gmail.com,Bengaluru,Karnataka
14,Aarav Sharma,Male,2003-08-03,9492537461,aarav.sharma14@gmail.com,Bengaluru,Karnataka
15,Sneha Yadav,Female,2004-12-22,9794839462,sneha.yadav15@gmail.com,Chennai,Tamil Nadu
16,Ishaan Patel,Male,1973-11-24,9365487398,ishaan.patel16@gmail.com,Mumbai,Maharashtra
17,Aisha Gupta,Female,1994-12-13,9600881444,aisha.gupta17@gmail.com,Ahmedabad,Gujarat
18,Meera Reddy,Female,1995-05-09,9690592134,meera.reddy18@gmail.com,Jaipur,Rajasthan
19,Kabir Patel,Male,2006-07-03,9529224152,kabir.patel19@gmail.com,Kolkata,West Bengal
20,Arjun Nair,Male,1995-04-03,9059004547,arjun.nair20@gmail.com,Chennai,Tamil Nadu
21,Aisha Patel,Female,1978-12-28,9501821905,aisha.patel21@gmail.com,Pune,Maharashtra
22,Priya Joshi,Female,1992-11-29,9635847816,priya.joshi22@gmail.com,Pune,Maharashtra
23,Kabir Nair,Male,1988-01-10,9630684166,kabir.nair23@gmail.com,Ahmedabad,Gujarat
24,Vivaan Joshi,Male,1984-01-22,9029106562,vivaan.joshi24@gmail.com,Jaipur,Rajasthan
25,Meera Sharma,Female,1972-08-25,9147938663,meera.sharma25@gmail.com,Pune,Maharashtra
26,Sneha Yadav,Female,1979-07-20,9961203302,sneha.yadav26@gmail.com,Pune,Maharashtra
27,Meera Singh,Female,2003-04-09,9143672228,meera.singh27@gmail.com,Pune,Maharashtra
28,Sneha Gupta,Female,1991-09-26,9005652433,sneha.gupta28@gmail.com,Delhi,Delhi
29,Rahul Gupta,Male,1992-04-04,9507240079,rahul.gupta29@gmail.com,Bengaluru,Karnataka
30,Ananya Verma,Female,1986-08-24,9224505192,ananya.verma30@gmail.com,Ahmedabad,Gujarat
31,Vivaan Kumar,Male,1990-02-09,9208043456,vivaan.kumar31@gmail.com,Kolkata,West Bengal
32,Arjun Kumar,Male,1976-01-15,9921012536,arjun.kumar32@gmail.com,Lucknow,Uttar Pradesh
33,Vivaan Patel,Male,1970-12-12,9510598558,vivaan.patel33@gmail.com,Jaipur,Rajasthan
34,Meera Verma,Female,1975-06-05,9210074245,meera.verma34@gmail.com,Bengaluru,Karnataka
35,Rahul Patel,Male,1980-09-15,9638071441,rahul.patel35@gmail.com,Jaipur,Rajasthan
36,Kabir Verma,Male,1973-09-08,9384433149,kabir.verma36@gmail.com,Lucknow,Uttar Pradesh
37,Aarav Kumar,Male,1971-05-05,9033037653,aarav.kumar37@gmail.com,Chennai,Tamil Nadu
38,Diya Nair,Female,1985-03-24,9100973424,diya.nair38@gmail.com,Jaipur,Rajasthan
39,Rohan Sharma,Male,1978-08-20,9033697277,rohan.sharma39@gmail.com,Pune,Maharashtra
40,Karan Reddy,Male,1990-06-09,9901352955,karan.reddy40@gmail.com,Ahmedabad,Gujarat
41,Vivaan Yadav,Male,1983-08-16,9422978909,vivaan.yadav41@gmail.com,Pune,Maharashtra
42,Rohan Yadav,Male,1989-08-13,9795328704,rohan.yadav42@gmail.com,Lucknow,Uttar Pradesh
43,Riya Patel,Female,1970-04-26,9317081024,riya.patel43@gmail.com,Lucknow,Uttar Pradesh
44,Ananya Sharma,Female,1995-09-29,9806772562,ananya.sharma44@gmail.com,Hyderabad,Telangana
45,Sai Singh,Male,1983-11-02,9895119789,sai.singh45@gmail.com,Jaipur,Rajasthan
46,Sneha Verma,Female,2004-02-03,9766821375,sneha.verma46@gmail.com,Ahmedabad,Gujarat
47,Sneha Sharma,Female,1978-12-18,9365121147,sneha.sharma47@gmail.com,Ahmedabad,Gujarat
48,Vivaan Sharma,Male,1986-03-25,9961706988,vivaan.sharma48@gmail.com,Ahmedabad,Gujarat
49,Pooja Kumar,Female,1970-06-29,9022679259,pooja.kumar49@gmail.com,Pune,Maharashtra
50,Vivaan Yadav,Male,2008-06-14,9773547999,vivaan.yadav50@gmail.com,Jaipur,Rajasthan
51,Rahul Yadav,Male,1982-05-24,9137059326,rahul.yadav51@gmail.com,Chennai,Tamil Nadu
52,Neha Patel,Female,1980-10-10,9120094662,neha.patel52@gmail.com,Delhi,Delhi
53,Ishaan Verma,Male,1992-05-31,9242221931,ishaan.verma53@gmail.com,Lucknow,Uttar Pradesh
54,Rohan Reddy,Male,1992-04-25,9149634577,rohan.reddy54@gmail.com,Chennai,Tamil Nadu
55,Aisha Verma,Female,1977-08-31,9172675324,aisha.verma55@gmail.com,Lucknow,Uttar Pradesh
56,Priya Gupta,Female,1982-05-09,9465593361,priya.gupta56@gmail.com,Pune,Maharashtra
57,Ananya Gupta,Female,1973-09-23,9217012571,ananya.gupta57@gmail.com,Pune,Maharashtra
58,Aman Sharma,Male,2001-04-15,9783158329,aman.sharma58@gmail.com,Ahmedabad,Gujarat
59,Meera Nair,Female,2009-08-01,9607928952,meera.nair59@gmail.com,Pune,Maharashtra
60,Pooja Nair,Female,1976-12-03,9416983792,pooja.nair60@gmail.com,Ahmedabad,Gujarat
61,Riya Nair,Female,1981-03-11,9972369965,riya.nair61@gmail.com,Kolkata,West Bengal
62,Aarav Sharma,Male,1981-05-22,9737627171,aarav.sharma62@gmail.com,Jaipur,Rajasthan
63,Rohan Patel,Male,1973-05-09,9365261589,rohan.patel63@gmail.com,Pune,Maharashtra
64,Sai Singh,Male,2000-11-23,9218311363,sai.singh64@gmail.com,Kolkata,West Bengal
65,Kabir Singh,Male,2010-09-29,9981844450,kabir.singh65@gmail.com,Pune,Maharashtra
66,Kabir Gupta,Male,1988-05-31,9574563917,kabir.gupta66@gmail.com,Kolkata,West Bengal
67,Karan Yadav,Male,1993-06-24,9017868792,karan.yadav67@gmail.com,Mumbai,Maharashtra
68,Meera Patel,Female,2008-11-08,9161492958,meera.patel68@gmail.com,Jaipur,Rajasthan
69,Sai Reddy,Male,1984-07-21,9341463280,sai.reddy69@gmail.com,Mumbai,Maharashtra
70,Karan Reddy,Male,1987-10-01,9900113365,karan.reddy70@gmail.com,Jaipur,Rajasthan
71,Arjun Yadav,Male,1974-11-04,9444086730,arjun.yadav71@gmail.com,Pune,Maharashtra
72,Karan Singh,Male,2002-12-30,9398956623,karan.singh72@gmail.com,Hyderabad,Telangana
73,Ananya Patel,Female,1985-04-26,9735942890,ananya.patel73@gmail.com,Pune,Maharashtra
74,Aarav Sharma,Male,1983-03-28,9030417073,aarav.sharma74@gmail.com,Delhi,Delhi
75,Meera Singh,Female,2006-07-27,9303194817,meera.singh75@gmail.com,Mumbai,Maharashtra
76,Meera Joshi,Female,2003-03-22,9414015055,meera.joshi76@gmail.com,Lucknow,Uttar Pradesh
77,Pooja Singh,Female,2002-11-11,9476009145,pooja.singh77@gmail.com,Chennai,Tamil Nadu
78,Rahul Sharma,Male,2006-05-05,9457905217,rahul.sharma78@gmail.com,Kolkata,West Bengal
79,Pooja Reddy,Female,1999-07-29,9693238152,pooja.reddy79@gmail.com,Bengaluru,Karnataka
80,Vivaan Yadav,Male,1979-02-13,9165594705,vivaan.yadav80@gmail.com,Pune,Maharashtra
81,Riya Singh,Female,1993-08-06,9440994335,riya.singh81@gmail.com,Ahmedabad,Gujarat
82,Meera Kumar,Female,2003-08-25,9904285529,meera.kumar82@gmail.com,Hyderabad,Telangana
83,Aarav Sharma,Male,1990-03-02,9303735850,aarav.sharma83@gmail.com,Delhi,Delhi
84,Riya Kumar,Female,1996-06-22,9686968730,riya.kumar84@gmail.com,Hyderabad,Telangana
85,Karan Singh,Male,1979-07-13,9848488014,karan.singh85@gmail.com,Chennai,Tamil Nadu
86,Kabir Kumar,Male,2005-01-03,9700420766,kabir.kumar86@gmail.com,Delhi,Delhi
87,Pooja Verma,Female,2001-11-09,9852823542,pooja.verma87@gmail.com,Delhi,Delhi
88,Aman Joshi,Male,1981-12-03,9061222775,aman.joshi88@gmail.com,Pune,Maharashtra
89,Arjun Yadav,Male,1991-12-23,9687296825,arjun.yadav89@gmail.com,Delhi,Delhi
90,Sneha Reddy,Female,1984-08-09,9604544784,sneha.reddy90@gmail.com,Lucknow,Uttar Pradesh
91,Aditya Kumar,Male,1981-11-16,9321252768,aditya.kumar91@gmail.com,Jaipur,Rajasthan
92,Rahul Patel,Male,1982-08-26,9816961555,rahul.patel92@gmail.com,Hyderabad,Telangana
93,Diya Joshi,Female,1979-06-09,9024487949,diya.joshi93@gmail.com,Chennai,Tamil Nadu
94,Ananya Nair,Female,1979-03-26,9392602701,ananya.nair94@gmail.com,Ahmedabad,Gujarat
95,Sai Singh,Male,1971-03-24,9927131224,sai.singh95@gmail.com,Kolkata,West Bengal
96,Aman Verma,Male,1993-02-07,9895001798,aman.verma96@gmail.com,Mumbai,Maharashtra
97,Aditya Singh,Male,1986-09-20,9538229905,aditya.singh97@gmail.com,Hyderabad,Telangana
98,Neha Yadav,Female,2007-11-23,9638588307,neha.yadav98@gmail.com,Mumbai,Maharashtra
99,Priya Patel,Female,1982-08-16,9405642546,priya.patel99@gmail.com,Lucknow,Uttar Pradesh
100,Rahul Joshi,Male,1970-11-24,9504053207,rahul.joshi100@gmail.com,Hyderabad,Telangana
101,Riya Patel,Female,2010-11-15,9086280998,riya.patel101@gmail.com,Pune,Maharashtra
102,Riya Joshi,Female,1974-12-16,9347020322,riya.joshi102@gmail.com,Ahmedabad,Gujarat
103,Ananya Gupta,Female,1987-08-25,9728622213,ananya.gupta103@gmail.com,Jaipur,Rajasthan
104,Ishaan Reddy,Male,2006-03-24,9645773388,ishaan.reddy104@gmail.com,Kolkata,West Bengal
105,Arjun Sharma,Male,1977-11-30,9671388520,arjun.sharma105@gmail.com,Hyderabad,Telangana
106,Rohan Sharma,Male,1990-12-07,9262246216,rohan.sharma106@gmail.com,Mumbai,Maharashtra
107,Neha Kumar,Female,2006-04-30,9706143657,neha.kumar107@gmail.com,Jaipur,Rajasthan
108,Rahul Patel,Male,1985-02-04,9575787795,rahul.patel108@gmail.com,Mumbai,Maharashtra
109,Sneha Verma,Female,1990-01-17,9062014866,sneha.verma109@gmail.com,Pune,Maharashtra
110,Rohan Yadav,Male,2009-12-11,9699068867,rohan.yadav110@gmail.com,Hyderabad,Telangana
111,Riya Gupta,Female,1977-03-12,9258693535,riya.gupta111@gmail.com,Delhi,Delhi
112,Ananya Reddy,Female,1986-07-20,9422591814,ananya.reddy112@gmail.com,Hyderabad,Telangana
113,Kabir Joshi,Male,1985-05-09,9545848235,kabir.joshi113@gmail.com,Kolkata,West Bengal
114,Sneha Gupta,Female,1986-12-29,9653484424,sneha.gupta114@gmail.com,Delhi,Delhi
115,Riya Reddy,Female,2009-09-11,9878614257,riya.reddy115@gmail.com,Delhi,Delhi
116,Aman Verma,Male,1980-12-10,9184725565,aman.verma116@gmail.com,Jaipur,Rajasthan
117,Aman Singh,Male,1978-07-09,9528336902,aman.singh117@gmail.com,Hyderabad,Telangana
118,Aisha Joshi,Female,1976-01-08,9497645649,aisha.joshi118@gmail.com,Chennai,Tamil Nadu
119,Aarav Gupta,Male,1999-08-07,9605758351,aarav.gupta119@gmail.com,Pune,Maharashtra
120,Aarav Sharma,Male,1996-01-11,9714162458,aarav.sharma120@gmail.com,Lucknow,Uttar Pradesh
121,Aman Singh,Male,1985-05-10,9221542843,aman.singh121@gmail.com,Ahmedabad,Gujarat
122,Vivaan Kumar,Male,2000-07-03,9728464550,vivaan.kumar122@gmail.com,Mumbai,Maharashtra
123,Arjun Yadav,Male,1970-10-14,9952476424,arjun.yadav123@gmail.com,Bengaluru,Karnataka
124,Sneha Reddy,Female,2005-03-29,9062363924,sneha.reddy124@gmail.com,Delhi,Delhi
125,Karan Joshi,Male,1973-08-20,9482004562,karan.joshi125@gmail.com,Mumbai,Maharashtra
126,Priya Gupta,Female,2010-11-08,9201190892,priya.gupta126@gmail.com,Lucknow,Uttar Pradesh
127,Aarav Kumar,Male,1991-11-08,9716594601,aarav.kumar127@gmail.com,Bengaluru,Karnataka
128,Diya Kumar,Female,1993-03-08,9681037668,diya.kumar128@gmail.com,Delhi,Delhi
129,Meera Joshi,Female,1999-05-21,9976458951,meera.joshi129@gmail.com,Jaipur,Rajasthan
130,Kabir Joshi,Male,1975-11-03,9748879073,kabir.joshi130@gmail.com,Pune,Maharashtra
131,Diya Singh,Female,2002-09-29,9257024305,diya.singh131@gmail.com,Kolkata,West Bengal
132,Pooja Yadav,Female,1996-10-10,9343362477,pooja.yadav132@gmail.com,Ahmedabad,Gujarat
133,Sneha Reddy,Female,2004-09-11,9280645883,sneha.reddy133@gmail.com,Ahmedabad,Gujarat
134,Arjun Gupta,Male,2010-12-14,9235206247,arjun.gupta134@gmail.com,Pune,Maharashtra
135,Aman Yadav,Male,1998-11-06,9259610514,aman.yadav135@gmail.com,Jaipur,Rajasthan
136,Priya Sharma,Female,1996-05-29,9709852973,priya.sharma136@gmail.com,Hyderabad,Telangana
137,Sai Gupta,Male,1973-10-20,9410414791,sai.gupta137@gmail.com,Kolkata,West Bengal
138,Aditya Gupta,Male,2000-09-25,9913049308,aditya.gupta138@gmail.com,Mumbai,Maharashtra
139,Diya Joshi,Female,1998-12-15,9555968935,diya.joshi139@gmail.com,Jaipur,Rajasthan
140,Sai Verma,Male,2008-09-11,9142355570,sai.verma140@gmail.com,Kolkata,West Bengal
141,Karan Verma,Male,1990-05-04,9377741582,karan.verma141@gmail.com,Mumbai,Maharashtra
142,Sneha Reddy,Female,2005-12-01,9965888036,sneha.reddy142@gmail.com,Chennai,Tamil Nadu
143,Kabir Patel,Male,1989-09-25,9134436794,kabir.patel143@gmail.com,Jaipur,Rajasthan
144,Rohan Gupta,Male,1980-07-22,9867752366,rohan.gupta144@gmail.com,Bengaluru,Karnataka
145,Riya Gupta,Female,2003-11-10,9351928123,riya.gupta145@gmail.com,Delhi,Delhi
146,Aisha Singh,Female,1994-11-18,9074603935,aisha.singh146@gmail.com,Hyderabad,Telangana
147,Karan Joshi,Male,1984-03-28,9204836382,karan.joshi147@gmail.com,Mumbai,Maharashtra
148,Pooja Singh,Female,1971-04-18,9372990230,pooja.singh148@gmail.com,Bengaluru,Karnataka
149,Aman Yadav,Male,1999-04-24,9823383795,aman.yadav149@gmail.com,Hyderabad,Telangana
150,Rohan Patel,Male,1986-09-28,9219298143,rohan.patel150@gmail.com,Delhi,Delhi
151,Sneha Kumar,Female,2005-01-13,9059823750,sneha.kumar151@gmail.com,Bengaluru,Karnataka
152,Kabir Singh,Male,1972-08-23,9436735907,kabir.singh152@gmail.com,Kolkata,West Bengal
153,Karan Verma,Male,1980-09-02,9034294010,karan.verma153@gmail.com,Mumbai,Maharashtra
154,Karan Yadav,Male,2002-04-17,9139975151,karan.yadav154@gmail.com,Delhi,Delhi
155,Rahul Gupta,Male,1988-09-09,9945754931,rahul.gupta155@gmail.com,Mumbai,Maharashtra
156,Karan Verma,Male,1995-12-15,9992411773,karan.verma156@gmail.com,Delhi,Delhi
157,Sneha Sharma,Female,1998-06-28,9941258833,sneha.sharma157@gmail.com,Ahmedabad,Gujarat
158,Sneha Kumar,Female,2007-06-02,9219730084,sneha.kumar158@gmail.com,Bengaluru,Karnataka
159,Aarav Reddy,Male,1994-06-23,9773590217,aarav.reddy159@gmail.com,Mumbai,Maharashtra
160,Aditya Sharma,Male,2004-02-25,9595473823,aditya.sharma160@gmail.com,Chennai,Tamil Nadu
161,Rohan Sharma,Male,1994-07-24,9213251336,rohan.sharma161@gmail.com,Mumbai,Maharashtra
162,Neha Singh,Female,1997-03-31,9997618789,neha.singh162@gmail.com,Bengaluru,Karnataka
163,Diya Kumar,Female,2007-06-13,9836991836,diya.kumar163@gmail.com,Mumbai,Maharashtra
164,Rahul Verma,Male,1995-02-16,9981259935,rahul.verma164@gmail.com,Bengaluru,Karnataka
165,Rohan Singh,Male,1989-03-24,9608702028,rohan.singh165@gmail.com,Ahmedabad,Gujarat
166,Kabir Singh,Male,2000-12-14,9426315760,kabir.singh166@gmail.com,Hyderabad,Telangana
167,Neha Patel,Female,1986-10-06,9829094652,neha.patel167@gmail.com,Lucknow,Uttar Pradesh
168,Pooja Reddy,Female,1976-07-04,9354240279,pooja.reddy168@gmail.com,Ahmedabad,Gujarat
169,Aditya Nair,Male,1987-03-17,9185499988,aditya.nair169@gmail.com,Pune,Maharashtra
170,Sneha Yadav,Female,1972-04-15,9290722138,sneha.yadav170@gmail.com,Lucknow,Uttar Pradesh
171,Priya Nair,Female,2009-06-09,9567654396,priya.nair171@gmail.com,Delhi,Delhi
172,Ananya Patel,Female,1973-02-09,9451765359,ananya.patel172@gmail.com,Jaipur,Rajasthan
173,Diya Yadav,Female,1973-07-16,9859509606,diya.yadav173@gmail.com,Chennai,Tamil Nadu
174,Sai Singh,Male,1970-04-10,9700861553,sai.singh174@gmail.com,Hyderabad,Telangana
175,Aarav Reddy,Male,1977-01-08,9254188624,aarav.reddy175@gmail.com,Pune,Maharashtra
176,Diya Nair,Female,1989-07-06,9396416241,diya.nair176@gmail.com,Kolkata,West Bengal
177,Diya Joshi,Female,1999-07-05,9368182003,diya.joshi177@gmail.com,Delhi,Delhi
178,Aarav Sharma,Male,2008-06-29,9830886224,aarav.sharma178@gmail.com,Lucknow,Uttar Pradesh
179,Ananya Singh,Female,1996-06-19,9554403034,ananya.singh179@gmail.com,Pune,Maharashtra
180,Neha Reddy,Female,1993-09-30,9175041655,neha.reddy180@gmail.com,Kolkata,West Bengal
181,Arjun Joshi,Male,1992-12-23,9644893741,arjun.joshi181@gmail.com,Kolkata,West Bengal
182,Rohan Nair,Male,1980-12-10,9807213868,rohan.nair182@gmail.com,Kolkata,West Bengal
183,Priya Sharma,Female,2003-01-04,9694241319,priya.sharma183@gmail.com,Bengaluru,Karnataka
184,Kabir Nair,Male,1981-01-12,9484609315,kabir.nair184@gmail.com,Jaipur,Rajasthan
185,Arjun Reddy,Male,2002-08-24,9275292353,arjun.reddy185@gmail.com,Lucknow,Uttar Pradesh
186,Aisha Gupta,Female,1992-01-02,9033373138,aisha.gupta186@gmail.com,Jaipur,Rajasthan
187,Neha Singh,Female,1981-01-27,9893243449,neha.singh187@gmail.com,Mumbai,Maharashtra
188,Rahul Gupta,Male,1974-03-16,9098834916,rahul.gupta188@gmail.com,Mumbai,Maharashtra
189,Sai Gupta,Male,1990-07-30,9782721199,sai.gupta189@gmail.com,Mumbai,Maharashtra
190,Ananya Singh,Female,1986-05-07,9949358132,ananya.singh190@gmail.com,Hyderabad,Telangana
191,Aditya Kumar,Male,1972-04-23,9670043149,aditya.kumar191@gmail.com,Lucknow,Uttar Pradesh
192,Kabir Verma,Male,1996-01-20,9306671537,kabir.verma192@gmail.com,Delhi,Delhi
193,Aman Verma,Male,1996-10-08,9282142939,aman.verma193@gmail.com,Ahmedabad,Gujarat
194,Arjun Sharma,Male,1991-04-25,9939643167,arjun.sharma194@gmail.com,Ahmedabad,Gujarat
195,Sai Joshi,Male,1990-10-13,9963699942,sai.joshi195@gmail.com,Mumbai,Maharashtra
196,Arjun Joshi,Male,1974-02-25,9136451984,arjun.joshi196@gmail.com,Delhi,Delhi
197,Neha Nair,Female,2000-06-22,9782739776,neha.nair197@gmail.com,Chennai,Tamil Nadu
198,Neha Patel,Female,2009-09-29,9454118143,neha.patel198@gmail.com,Pune,Maharashtra
199,Rohan Joshi,Male,1997-06-09,9501291591,rohan.joshi199@gmail.com,Ahmedabad,Gujarat
200,Sneha Kumar,Female,2004-01-17,9020508924,sneha.kumar200@gmail.com,Delhi,Delhi
201,Rohan Kumar,Male,1971-05-05,9252500373,rohan.kumar201@gmail.com,Bengaluru,Karnataka
202,Aarav Verma,Male,1997-07-02,9228459763,aarav.verma202@gmail.com,Pune,Maharashtra
203,Meera Yadav,Female,1989-04-24,9898934966,meera.yadav203@gmail.com,Kolkata,West Bengal
204,Diya Reddy,Female,1971-08-28,9069134357,diya.reddy204@gmail.com,Hyderabad,Telangana
205,Karan Verma,Male,1993-06-02,9054107325,karan.verma205@gmail.com,Pune,Maharashtra
206,Rahul Yadav,Male,1997-01-13,9180807878,rahul.yadav206@gmail.com,Kolkata,West Bengal
207,Neha Nair,Female,1990-03-06,9952318618,neha.nair207@gmail.com,Mumbai,Maharashtra
208,Priya Nair,Female,1975-03-30,9954664985,priya.nair208@gmail.com,Chennai,Tamil Nadu
209,Arjun Nair,Male,1971-02-28,9195936834,arjun.nair209@gmail.com,Chennai,Tamil Nadu
210,Riya Verma,Female,1989-04-17,9951634824,riya.verma210@gmail.com,Lucknow,Uttar Pradesh
211,Rohan Patel,Male,1985-08-31,9525602938,rohan.patel211@gmail.com,Chennai,Tamil Nadu
212,Priya Patel,Female,1999-09-19,9276046019,priya.patel212@gmail.com,Chennai,Tamil Nadu
213,Rahul Gupta,Male,2008-12-01,9323580659,rahul.gupta213@gmail.com,Bengaluru,Karnataka
214,Pooja Yadav,Female,1980-05-28,9797313684,pooja.yadav214@gmail.com,Ahmedabad,Gujarat
215,Riya Singh,Female,1985-06-14,9370528553,riya.singh215@gmail.com,Kolkata,West Bengal
216,Sai Singh,Male,1997-08-30,9664711414,sai.singh216@gmail.com,Delhi,Delhi
217,Rohan Patel,Male,1985-02-28,9670532479,rohan.patel217@gmail.com,Delhi,Delhi
218,Aditya Sharma,Male,2001-04-22,9463132757,aditya.sharma218@gmail.com,Hyderabad,Telangana
219,Aditya Patel,Male,1996-07-27,9168844444,aditya.patel219@gmail.com,Lucknow,Uttar Pradesh
220,Vivaan Yadav,Male,1989-03-14,9461382986,vivaan.yadav220@gmail.com,Kolkata,West Bengal
221,Riya Yadav,Female,2001-04-10,9360019451,riya.yadav221@gmail.com,Lucknow,Uttar Pradesh
222,Ishaan Yadav,Male,1985-12-26,9522562089,ishaan.yadav222@gmail.com,Chennai,Tamil Nadu
223,Rohan Nair,Male,1987-01-02,9490479670,rohan.nair223@gmail.com,Pune,Maharashtra
224,Ananya Patel,Female,1985-12-26,9107948625,ananya.patel224@gmail.com,Bengaluru,Karnataka
225,Aisha Patel,Female,1983-07-19,9605960927,aisha.patel225@gmail.com,Mumbai,Maharashtra
226,Aisha Patel,Female,1997-01-13,9208845915,aisha.patel226@gmail.com,Jaipur,Rajasthan
227,Rahul Gupta,Male,2006-02-03,9917329257,rahul.gupta227@gmail.com,Mumbai,Maharashtra
228,Riya Kumar,Female,1975-04-04,9259764992,riya.kumar228@gmail.com,Jaipur,Rajasthan
229,Rohan Yadav,Male,2003-08-15,9003987414,rohan.yadav229@gmail.com,Hyderabad,Telangana
230,Vivaan Sharma,Male,1994-01-19,9370720663,vivaan.sharma230@gmail.com,Ahmedabad,Gujarat
231,Arjun Singh,Male,1989-05-03,9270864267,arjun.singh231@gmail.com,Pune,Maharashtra
232,Neha Verma,Female,1984-08-19,9157173516,neha.verma232@gmail.com,Jaipur,Rajasthan
233,Vivaan Joshi,Male,1981-03-30,9923324980,vivaan.joshi233@gmail.com,Hyderabad,Telangana
234,Meera Verma,Female,2010-11-21,9144432507,meera.verma234@gmail.com,Bengaluru,Karnataka
235,Meera Joshi,Female,2003-01-04,9578384739,meera.joshi235@gmail.com,Chennai,Tamil Nadu
236,Aditya Joshi,Male,1983-10-09,9087209096,aditya.joshi236@gmail.com,Chennai,Tamil Nadu
237,Karan Gupta,Male,1981-04-13,9725773399,karan.gupta237@gmail.com,Jaipur,Rajasthan
238,Rohan Patel,Male,2004-03-20,9603705723,rohan.patel238@gmail.com,Delhi,Delhi
239,Riya Joshi,Female,2002-07-22,9512502983,riya.joshi239@gmail.com,Chennai,Tamil Nadu
240,Riya Kumar,Female,2009-06-24,9432781684,riya.kumar240@gmail.com,Mumbai,Maharashtra
241,Pooja Joshi,Female,1982-02-06,9340556772,pooja.joshi241@gmail.com,Mumbai,Maharashtra
242,Sneha Yadav,Female,1972-04-24,9838549041,sneha.yadav242@gmail.com,Chennai,Tamil Nadu
243,Rahul Verma,Male,1976-12-07,9601453174,rahul.verma243@gmail.com,Chennai,Tamil Nadu
244,Riya Verma,Female,1993-06-10,9065256281,riya.verma244@gmail.com,Ahmedabad,Gujarat
245,Pooja Kumar,Female,1987-01-09,9280808982,pooja.kumar245@gmail.com,Ahmedabad,Gujarat
246,Karan Verma,Male,1971-09-10,9453161917,karan.verma246@gmail.com,Kolkata,West Bengal
247,Meera Verma,Female,2003-10-31,9092342467,meera.verma247@gmail.com,Kolkata,West Bengal
248,Sneha Yadav,Female,1970-08-21,9224199144,sneha.yadav248@gmail.com,Jaipur,Rajasthan
249,Ishaan Sharma,Male,1982-04-28,9644399152,ishaan.sharma249@gmail.com,Delhi,Delhi
250,Pooja Patel,Female,1978-07-18,9097757643,pooja.patel250@gmail.com,Mumbai,Maharashtra
251,Rahul Sharma,Male,2000-08-09,9226296149,rahul.sharma251@gmail.com,Pune,Maharashtra
252,Sai Singh,Male,2005-07-23,9945917722,sai.singh252@gmail.com,Bengaluru,Karnataka
253,Sneha Yadav,Female,1992-10-04,9855552640,sneha.yadav253@gmail.com,Lucknow,Uttar Pradesh
254,Arjun Joshi,Male,2004-04-30,9760239601,arjun.joshi254@gmail.com,Chennai,Tamil Nadu
255,Rahul Verma,Male,1984-09-17,9604947861,rahul.verma255@gmail.com,Ahmedabad,Gujarat
256,Arjun Yadav,Male,1978-02-02,9472717276,arjun.yadav256@gmail.com,Ahmedabad,Gujarat
257,Ishaan Nair,Male,1973-04-16,9238149152,ishaan.nair257@gmail.com,Hyderabad,Telangana
258,Ishaan Joshi,Male,1973-06-10,9073261072,ishaan.joshi258@gmail.com,Mumbai,Maharashtra
259,Ishaan Verma,Male,1998-12-31,9472100058,ishaan.verma259@gmail.com,Chennai,Tamil Nadu
260,Arjun Singh,Male,2008-10-17,9897219739,arjun.singh260@gmail.com,Lucknow,Uttar Pradesh
261,Aman Joshi,Male,1999-07-01,9010555201,aman.joshi261@gmail.com,Bengaluru,Karnataka
262,Neha Kumar,Female,1985-08-09,9329594800,neha.kumar262@gmail.com,Mumbai,Maharashtra
263,Sai Sharma,Male,1982-03-11,9579924410,sai.sharma263@gmail.com,Bengaluru,Karnataka
264,Aarav Sharma,Male,1993-04-12,9884178394,aarav.sharma264@gmail.com,Ahmedabad,Gujarat
265,Rohan Reddy,Male,1985-06-11,9292328928,rohan.reddy265@gmail.com,Ahmedabad,Gujarat
266,Aisha Patel,Female,1977-09-30,9837228651,aisha.patel266@gmail.com,Hyderabad,Telangana
267,Aarav Kumar,Male,2010-05-24,9764452081,aarav.kumar267@gmail.com,Hyderabad,Telangana
268,Aisha Nair,Female,1984-12-04,9996999590,aisha.nair268@gmail.com,Mumbai,Maharashtra
269,Pooja Singh,Female,2001-05-20,9720025806,pooja.singh269@gmail.com,Jaipur,Rajasthan
270,Sneha Patel,Female,1976-05-26,9799271761,sneha.patel270@gmail.com,Ahmedabad,Gujarat
271,Aisha Yadav,Female,1970-08-07,9512779662,aisha.yadav271@gmail.com,Jaipur,Rajasthan
272,Meera Joshi,Female,1992-10-08,9097637787,meera.joshi272@gmail.com,Chennai,Tamil Nadu
273,Arjun Joshi,Male,2008-05-29,9420170157,arjun.joshi273@gmail.com,Lucknow,Uttar Pradesh
274,Rohan Nair,Male,1979-09-06,9494172957,rohan.nair274@gmail.com,Mumbai,Maharashtra
275,Aarav Gupta,Male,1971-06-17,9808974352,aarav.gupta275@gmail.com,Ahmedabad,Gujarat
276,Sai Joshi,Male,2006-10-25,9554113665,sai.joshi276@gmail.com,Delhi,Delhi
277,Pooja Singh,Female,1982-11-29,9691631073,pooja.singh277@gmail.com,Mumbai,Maharashtra
278,Priya Kumar,Female,1975-10-06,9639219247,priya.kumar278@gmail.com,Pune,Maharashtra
279,Ananya Gupta,Female,1976-10-31,9698293315,ananya.gupta279@gmail.com,Pune,Maharashtra
280,Priya Nair,Female,1985-09-29,9989909746,priya.nair280@gmail.com,Chennai,Tamil Nadu
281,Sneha Sharma,Female,2008-12-19,9439977741,sneha.sharma281@gmail.com,Pune,Maharashtra
282,Aditya Nair,Male,1973-12-03,9662096897,aditya.nair282@gmail.com,Bengaluru,Karnataka
283,Riya Reddy,Female,2007-10-03,9358198667,riya.reddy283@gmail.com,Bengaluru,Karnataka
284,Ananya Yadav,Female,1971-03-26,9583208652,ananya.yadav284@gmail.com,Chennai,Tamil Nadu
285,Sai Patel,Male,1984-06-28,9686865385,sai.patel285@gmail.com,Bengaluru,Karnataka
286,Priya Gupta,Female,1985-12-07,9826245129,priya.gupta286@gmail.com,Mumbai,Maharashtra
287,Ishaan Reddy,Male,2007-03-13,9888510765,ishaan.reddy287@gmail.com,Lucknow,Uttar Pradesh
288,Aisha Patel,Female,1984-03-20,9166946221,aisha.patel288@gmail.com,Pune,Maharashtra
289,Priya Verma,Female,1996-03-27,9520462185,priya.verma289@gmail.com,Pune,Maharashtra
290,Neha Kumar,Female,1979-04-14,9324252216,neha.kumar290@gmail.com,Hyderabad,Telangana
291,Rohan Nair,Male,2007-03-17,9400516092,rohan.nair291@gmail.com,Bengaluru,Karnataka
292,Ananya Kumar,Female,1987-02-14,9848114313,ananya.kumar292@gmail.com,Pune,Maharashtra
293,Ishaan Reddy,Male,1975-10-16,9656199948,ishaan.reddy293@gmail.com,Mumbai,Maharashtra
294,Vivaan Joshi,Male,1976-11-27,9055814293,vivaan.joshi294@gmail.com,Ahmedabad,Gujarat
295,Rahul Kumar,Male,1970-09-01,9767337347,rahul.kumar295@gmail.com,Pune,Maharashtra
296,Riya Yadav,Female,1989-04-23,9345492418,riya.yadav296@gmail.com,Mumbai,Maharashtra
297,Pooja Joshi,Female,1996-02-15,9001061763,pooja.joshi297@gmail.com,Kolkata,West Bengal
298,Sai Yadav,Male,1972-09-18,9364884370,sai.yadav298@gmail.com,Chennai,Tamil Nadu
299,Meera Singh,Female,1993-04-06,9510089505,meera.singh299@gmail.com,Pune,Maharashtra
300,Aman Singh,Male,1980-04-25,9557169316,aman.singh300@gmail.com,Chennai,Tamil Nadu
301,Neha Gupta,Female,1970-05-04,9541998911,neha.gupta301@gmail.com,Jaipur,Rajasthan
302,Karan Nair,Male,1984-06-30,9923692584,karan.nair302@gmail.com,Mumbai,Maharashtra
303,Sai Reddy,Male,1970-08-22,9347179840,sai.reddy303@gmail.com,Chennai,Tamil Nadu
304,Aisha Kumar,Female,1980-06-12,9650676898,aisha.kumar304@gmail.com,Ahmedabad,Gujarat
305,Vivaan Patel,Male,1986-11-22,9094168752,vivaan.patel305@gmail.com,Kolkata,West Bengal
306,Pooja Kumar,Female,2008-10-09,9748961314,pooja.kumar306@gmail.com,Chennai,Tamil Nadu
307,Ishaan Kumar,Male,1996-10-05,9792922639,ishaan.kumar307@gmail.com,Lucknow,Uttar Pradesh
308,Arjun Joshi,Male,1980-03-07,9168226167,arjun.joshi308@gmail.com,Pune,Maharashtra
309,Pooja Nair,Female,1987-08-11,9130406277,pooja.nair309@gmail.com,Kolkata,West Bengal
310,Rohan Patel,Male,1992-12-17,9697318167,rohan.patel310@gmail.com,Ahmedabad,Gujarat
311,Aarav Gupta,Male,2005-04-05,9393040229,aarav.gupta311@gmail.com,Mumbai,Maharashtra
312,Riya Yadav,Female,1999-07-31,9615987765,riya.yadav312@gmail.com,Bengaluru,Karnataka
313,Karan Joshi,Male,1972-08-16,9287573248,karan.joshi313@gmail.com,Chennai,Tamil Nadu
314,Riya Singh,Female,1989-10-16,9548352974,riya.singh314@gmail.com,Mumbai,Maharashtra
315,Kabir Yadav,Male,2004-02-13,9792388564,kabir.yadav315@gmail.com,Mumbai,Maharashtra
316,Aarav Singh,Male,1994-08-30,9487920710,aarav.singh316@gmail.com,Hyderabad,Telangana
317,Kabir Joshi,Male,1992-08-17,9656912390,kabir.joshi317@gmail.com,Mumbai,Maharashtra
318,Aisha Yadav,Female,1973-11-24,9077763448,aisha.yadav318@gmail.com,Kolkata,West Bengal
319,Riya Nair,Female,2002-01-27,9560624374,riya.nair319@gmail.com,Delhi,Delhi
320,Neha Sharma,Female,1995-04-17,9857408985,neha.sharma320@gmail.com,Bengaluru,Karnataka
321,Aditya Nair,Male,1975-07-14,9645722550,aditya.nair321@gmail.com,Kolkata,West Bengal
322,Neha Joshi,Female,2008-08-27,9299628291,neha.joshi322@gmail.com,Pune,Maharashtra
323,Aarav Joshi,Male,2010-09-27,9631705550,aarav.joshi323@gmail.com,Delhi,Delhi
324,Priya Gupta,Female,1986-09-28,9782808117,priya.gupta324@gmail.com,Mumbai,Maharashtra
325,Vivaan Reddy,Male,1970-02-24,9449011132,vivaan.reddy325@gmail.com,Mumbai,Maharashtra
326,Ishaan Patel,Male,1989-03-02,9342249374,ishaan.patel326@gmail.com,Jaipur,Rajasthan
327,Riya Joshi,Female,1995-03-26,9647056013,riya.joshi327@gmail.com,Mumbai,Maharashtra
328,Aman Joshi,Male,1985-08-12,9063446486,aman.joshi328@gmail.com,Pune,Maharashtra
329,Sai Yadav,Male,2010-08-16,9603705336,sai.yadav329@gmail.com,Hyderabad,Telangana
330,Aisha Reddy,Female,1979-04-25,9865146850,aisha.reddy330@gmail.com,Bengaluru,Karnataka
331,Pooja Verma,Female,1971-09-24,9315121809,pooja.verma331@gmail.com,Delhi,Delhi
332,Rohan Gupta,Male,1981-12-17,9335311135,rohan.gupta332@gmail.com,Pune,Maharashtra
333,Kabir Patel,Male,1972-03-05,9753086057,kabir.patel333@gmail.com,Mumbai,Maharashtra
334,Rahul Nair,Male,1987-06-06,9176352647,rahul.nair334@gmail.com,Hyderabad,Telangana
335,Riya Reddy,Female,2002-05-12,9889338104,riya.reddy335@gmail.com,Jaipur,Rajasthan
336,Vivaan Sharma,Male,1986-06-23,9622946081,vivaan.sharma336@gmail.com,Kolkata,West Bengal
337,Ishaan Verma,Male,2008-07-16,9890408399,ishaan.verma337@gmail.com,Lucknow,Uttar Pradesh
338,Kabir Reddy,Male,1974-11-19,9604470586,kabir.reddy338@gmail.com,Chennai,Tamil Nadu
339,Vivaan Reddy,Male,1978-06-10,9100567374,vivaan.reddy339@gmail.com,Mumbai,Maharashtra
340,Diya Kumar,Female,1972-02-06,9905251450,diya.kumar340@gmail.com,Hyderabad,Telangana
341,Vivaan Reddy,Male,2001-09-24,9620413994,vivaan.reddy341@gmail.com,Bengaluru,Karnataka
342,Kabir Reddy,Male,1978-07-24,9888303521,kabir.reddy342@gmail.com,Chennai,Tamil Nadu
343,Sai Gupta,Male,1990-02-05,9678687381,sai.gupta343@gmail.com,Kolkata,West Bengal
344,Rahul Reddy,Male,1975-07-04,9492793166,rahul.reddy344@gmail.com,Pune,Maharashtra
345,Pooja Patel,Female,1980-11-28,9649495303,pooja.patel345@gmail.com,Lucknow,Uttar Pradesh
346,Rohan Patel,Male,1997-02-04,9868786959,rohan.patel346@gmail.com,Ahmedabad,Gujarat
347,Neha Yadav,Female,2009-12-03,9454527712,neha.yadav347@gmail.com,Lucknow,Uttar Pradesh
348,Vivaan Nair,Male,1976-05-26,9865969886,vivaan.nair348@gmail.com,Pune,Maharashtra
349,Rahul Nair,Male,1972-04-26,9211221854,rahul.nair349@gmail.com,Ahmedabad,Gujarat
350,Aarav Joshi,Male,1992-08-11,9451302297,aarav.joshi350@gmail.com,Hyderabad,Telangana
351,Aarav Reddy,Male,1995-08-18,9074879962,aarav.reddy351@gmail.com,Delhi,Delhi
352,Rahul Kumar,Male,1972-05-20,9157224936,rahul.kumar352@gmail.com,Ahmedabad,Gujarat
353,Kabir Patel,Male,2009-06-30,9219158482,kabir.patel353@gmail.com,Delhi,Delhi
354,Vivaan Kumar,Male,1996-02-09,9759436336,vivaan.kumar354@gmail.com,Jaipur,Rajasthan
355,Aman Patel,Male,1999-12-17,9214810025,aman.patel355@gmail.com,Kolkata,West Bengal
356,Vivaan Joshi,Male,1997-12-21,9638104712,vivaan.joshi356@gmail.com,Chennai,Tamil Nadu
357,Aditya Yadav,Male,2004-08-27,9664868575,aditya.yadav357@gmail.com,Delhi,Delhi
358,Neha Joshi,Female,2000-01-31,9208995961,neha.joshi358@gmail.com,Pune,Maharashtra
359,Aisha Gupta,Female,1977-09-27,9420286516,aisha.gupta359@gmail.com,Jaipur,Rajasthan
360,Vivaan Nair,Male,1991-08-20,9284458919,vivaan.nair360@gmail.com,Mumbai,Maharashtra
361,Vivaan Singh,Male,1999-09-06,9034612234,vivaan.singh361@gmail.com,Jaipur,Rajasthan
362,Ishaan Nair,Male,1971-03-03,9541661365,ishaan.nair362@gmail.com,Ahmedabad,Gujarat
363,Diya Gupta,Female,1975-01-07,9919946261,diya.gupta363@gmail.com,Lucknow,Uttar Pradesh
364,Arjun Verma,Male,1975-12-10,9691451597,arjun.verma364@gmail.com,Kolkata,West Bengal
365,Priya Reddy,Female,1992-06-16,9047499352,priya.reddy365@gmail.com,Pune,Maharashtra
366,Diya Verma,Female,1978-08-14,9914534912,diya.verma366@gmail.com,Jaipur,Rajasthan
367,Sneha Sharma,Female,1990-04-13,9674817161,sneha.sharma367@gmail.com,Chennai,Tamil Nadu
368,Aditya Joshi,Male,2001-04-03,9056233572,aditya.joshi368@gmail.com,Lucknow,Uttar Pradesh
369,Priya Joshi,Female,1983-04-22,9508035800,priya.joshi369@gmail.com,Ahmedabad,Gujarat
370,Aman Reddy,Male,2000-06-29,9776304464,aman.reddy370@gmail.com,Ahmedabad,Gujarat
371,Aman Gupta,Male,1989-11-07,9203093389,aman.gupta371@gmail.com,Delhi,Delhi
372,Vivaan Yadav,Male,2008-08-16,9356401275,vivaan.yadav372@gmail.com,Jaipur,Rajasthan
373,Sai Singh,Male,1999-10-07,9269061112,sai.singh373@gmail.com,Bengaluru,Karnataka
374,Sneha Sharma,Female,1982-10-14,9404768283,sneha.sharma374@gmail.com,Kolkata,West Bengal
375,Sneha Kumar,Female,1995-07-21,9923802675,sneha.kumar375@gmail.com,Mumbai,Maharashtra
376,Vivaan Singh,Male,1971-05-15,9773227968,vivaan.singh376@gmail.com,Ahmedabad,Gujarat
377,Kabir Reddy,Male,1986-05-22,9330018887,kabir.reddy377@gmail.com,Bengaluru,Karnataka
378,Aditya Verma,Male,1971-11-05,9434698067,aditya.verma378@gmail.com,Lucknow,Uttar Pradesh
379,Karan Reddy,Male,1971-11-30,9116068977,karan.reddy379@gmail.com,Delhi,Delhi
380,Rohan Yadav,Male,1995-05-14,9541207108,rohan.yadav380@gmail.com,Bengaluru,Karnataka
381,Diya Verma,Female,1984-10-24,9845190975,diya.verma381@gmail.com,Bengaluru,Karnataka
382,Vivaan Yadav,Male,2004-10-25,9012466958,vivaan.yadav382@gmail.com,Bengaluru,Karnataka
383,Sai Yadav,Male,2002-08-14,9691137467,sai.yadav383@gmail.com,Delhi,Delhi
384,Meera Patel,Female,1977-05-04,9033283997,meera.patel384@gmail.com,Kolkata,West Bengal
385,Karan Gupta,Male,2010-07-26,9825676952,karan.gupta385@gmail.com,Chennai,Tamil Nadu
386,Riya Reddy,Female,1974-03-08,9859177320,riya.reddy386@gmail.com,Pune,Maharashtra
387,Neha Nair,Female,1973-06-24,9031790722,neha.nair387@gmail.com,Chennai,Tamil Nadu
388,Sai Gupta,Male,1988-08-28,9225839451,sai.gupta388@gmail.com,Mumbai,Maharashtra
389,Aman Sharma,Male,2004-05-06,9493152915,aman.sharma389@gmail.com,Mumbai,Maharashtra
390,Aarav Verma,Male,1974-01-03,9343144477,aarav.verma390@gmail.com,Bengaluru,Karnataka
391,Diya Sharma,Female,1997-05-18,9692923710,diya.sharma391@gmail.com,Bengaluru,Karnataka
392,Meera Joshi,Female,1994-09-04,9333673913,meera.joshi392@gmail.com,Chennai,Tamil Nadu
393,Aman Verma,Male,2004-02-14,9609007346,aman.verma393@gmail.com,Delhi,Delhi
394,Arjun Kumar,Male,1988-07-17,9396740619,arjun.kumar394@gmail.com,Chennai,Tamil Nadu
395,Aditya Sharma,Male,2005-11-30,9285488078,aditya.sharma395@gmail.com,Kolkata,West Bengal
396,Vivaan Joshi,Male,2008-09-03,9261220595,vivaan.joshi396@gmail.com,Jaipur,Rajasthan
397,Vivaan Gupta,Male,2008-10-24,9127880719,vivaan.gupta397@gmail.com,Kolkata,West Bengal
398,Priya Singh,Female,2008-09-17,9692764595,priya.singh398@gmail.com,Jaipur,Rajasthan
399,Riya Sharma,Female,2001-08-21,9781719501,riya.sharma399@gmail.com,Delhi,Delhi
400,Aman Singh,Male,2006-09-13,9122124778,aman.singh400@gmail.com,Kolkata,West Bengal
401,Meera Sharma,Female,1985-04-10,9418022932,meera.sharma401@gmail.com,Mumbai,Maharashtra
402,Sai Gupta,Male,1975-04-10,9251994613,sai.gupta402@gmail.com,Bengaluru,Karnataka
403,Riya Sharma,Female,1973-03-27,9393992807,riya.sharma403@gmail.com,Lucknow,Uttar Pradesh
404,Diya Nair,Female,1999-12-16,9965484002,diya.nair404@gmail.com,Bengaluru,Karnataka
405,Arjun Verma,Male,1971-07-06,9935695319,arjun.verma405@gmail.com,Hyderabad,Telangana
406,Aisha Patel,Female,2003-06-30,9395160663,aisha.patel406@gmail.com,Delhi,Delhi
407,Vivaan Verma,Male,2003-01-14,9159794404,vivaan.verma407@gmail.com,Delhi,Delhi
408,Ananya Patel,Female,1981-07-26,9583441842,ananya.patel408@gmail.com,Mumbai,Maharashtra
409,Ishaan Verma,Male,1976-03-12,9231769326,ishaan.verma409@gmail.com,Bengaluru,Karnataka
410,Ishaan Reddy,Male,2003-06-06,9450935915,ishaan.reddy410@gmail.com,Bengaluru,Karnataka
411,Riya Yadav,Female,1985-01-07,9968122332,riya.yadav411@gmail.com,Ahmedabad,Gujarat
412,Vivaan Nair,Male,1978-06-15,9639125946,vivaan.nair412@gmail.com,Pune,Maharashtra
413,Aarav Kumar,Male,1977-01-06,9067131571,aarav.kumar413@gmail.com,Hyderabad,Telangana
414,Ishaan Joshi,Male,1971-04-29,9589554268,ishaan.joshi414@gmail.com,Jaipur,Rajasthan
415,Aisha Gupta,Female,2006-09-13,9736369580,aisha.gupta415@gmail.com,Jaipur,Rajasthan
416,Sai Joshi,Male,2003-11-16,9488912070,sai.joshi416@gmail.com,Delhi,Delhi
417,Aditya Verma,Male,2006-06-07,9033810262,aditya.verma417@gmail.com,Jaipur,Rajasthan
418,Arjun Singh,Male,1997-09-09,9353638311,arjun.singh418@gmail.com,Chennai,Tamil Nadu
419,Ananya Kumar,Female,1977-10-11,9530515533,ananya.kumar419@gmail.com,Chennai,Tamil Nadu
420,Rahul Reddy,Male,1970-02-26,9983203887,rahul.reddy420@gmail.com,Bengaluru,Karnataka
421,Karan Nair,Male,1970-03-12,9323701052,karan.nair421@gmail.com,Delhi,Delhi
422,Priya Singh,Female,1972-01-05,9296493364,priya.singh422@gmail.com,Lucknow,Uttar Pradesh
423,Sneha Reddy,Female,2003-10-07,9457932532,sneha.reddy423@gmail.com,Bengaluru,Karnataka
424,Ananya Joshi,Female,1983-05-09,9192628842,ananya.joshi424@gmail.com,Delhi,Delhi
425,Aisha Kumar,Female,1996-12-15,9252789466,aisha.kumar425@gmail.com,Ahmedabad,Gujarat
426,Sai Kumar,Male,1973-05-20,9138053831,sai.kumar426@gmail.com,Pune,Maharashtra
427,Rahul Reddy,Male,1998-03-04,9276417101,rahul.reddy427@gmail.com,Bengaluru,Karnataka
428,Meera Yadav,Female,1985-03-30,9041306778,meera.yadav428@gmail.com,Chennai,Tamil Nadu
429,Sai Verma,Male,1989-12-13,9990168641,sai.verma429@gmail.com,Hyderabad,Telangana
430,Aman Patel,Male,2000-05-22,9667800755,aman.patel430@gmail.com,Hyderabad,Telangana
431,Vivaan Nair,Male,1986-05-18,9926222998,vivaan.nair431@gmail.com,Delhi,Delhi
432,Aman Sharma,Male,1984-01-21,9183681464,aman.sharma432@gmail.com,Delhi,Delhi
433,Riya Verma,Female,1975-11-04,9878712801,riya.verma433@gmail.com,Chennai,Tamil Nadu
434,Riya Nair,Female,1993-02-17,9745435809,riya.nair434@gmail.com,Pune,Maharashtra
435,Ishaan Sharma,Male,1976-01-14,9642116572,ishaan.sharma435@gmail.com,Ahmedabad,Gujarat
436,Aman Gupta,Male,1997-01-27,9536684681,aman.gupta436@gmail.com,Bengaluru,Karnataka
437,Vivaan Verma,Male,1980-08-11,9331936831,vivaan.verma437@gmail.com,Hyderabad,Telangana
438,Priya Yadav,Female,2000-03-16,9785393794,priya.yadav438@gmail.com,Mumbai,Maharashtra
439,Meera Verma,Female,1974-06-29,9804923520,meera.verma439@gmail.com,Chennai,Tamil Nadu
440,Pooja Sharma,Female,1985-04-30,9203194374,pooja.sharma440@gmail.com,Bengaluru,Karnataka
441,Karan Kumar,Male,2000-05-26,9359606998,karan.kumar441@gmail.com,Delhi,Delhi
442,Meera Patel,Female,1979-07-10,9426615342,meera.patel442@gmail.com,Lucknow,Uttar Pradesh
443,Riya Kumar,Female,2002-01-25,9401648339,riya.kumar443@gmail.com,Bengaluru,Karnataka
444,Riya Patel,Female,1976-06-19,9936052050,riya.patel444@gmail.com,Ahmedabad,Gujarat
445,Arjun Yadav,Male,1977-07-20,9538843613,arjun.yadav445@gmail.com,Jaipur,Rajasthan
446,Rohan Nair,Male,1998-06-05,9180022576,rohan.nair446@gmail.com,Chennai,Tamil Nadu
447,Vivaan Nair,Male,2002-06-13,9933557178,vivaan.nair447@gmail.com,Lucknow,Uttar Pradesh
448,Kabir Yadav,Male,1979-04-24,9321321420,kabir.yadav448@gmail.com,Hyderabad,Telangana
449,Riya Verma,Female,1970-07-18,9287293769,riya.verma449@gmail.com,Pune,Maharashtra
450,Meera Gupta,Female,1973-03-12,9400297597,meera.gupta450@gmail.com,Chennai,Tamil Nadu
451,Priya Singh,Female,1997-02-28,9225952337,priya.singh451@gmail.com,Ahmedabad,Gujarat
452,Sneha Verma,Female,2006-09-12,9782929565,sneha.verma452@gmail.com,Kolkata,West Bengal
453,Aisha Patel,Female,1973-03-26,9376551279,aisha.patel453@gmail.com,Chennai,Tamil Nadu
454,Aditya Joshi,Male,1970-01-21,9770795111,aditya.joshi454@gmail.com,Lucknow,Uttar Pradesh
455,Karan Nair,Male,2009-12-11,9533153748,karan.nair455@gmail.com,Mumbai,Maharashtra
456,Karan Gupta,Male,1979-07-02,9686437649,karan.gupta456@gmail.com,Jaipur,Rajasthan
457,Karan Reddy,Male,1998-11-18,9552236113,karan.reddy457@gmail.com,Jaipur,Rajasthan
458,Meera Joshi,Female,1970-09-10,9976036458,meera.joshi458@gmail.com,Bengaluru,Karnataka
459,Ishaan Singh,Male,1977-12-26,9073698555,ishaan.singh459@gmail.com,Pune,Maharashtra
460,Pooja Nair,Female,1984-09-17,9662320180,pooja.nair460@gmail.com,Bengaluru,Karnataka
461,Aisha Verma,Female,1990-11-22,9792989977,aisha.verma461@gmail.com,Mumbai,Maharashtra
462,Aditya Gupta,Male,1990-04-06,9884974230,aditya.gupta462@gmail.com,Delhi,Delhi
463,Vivaan Kumar,Male,1994-11-05,9570240366,vivaan.kumar463@gmail.com,Hyderabad,Telangana
464,Karan Joshi,Male,2010-04-05,9051675287,karan.joshi464@gmail.com,Mumbai,Maharashtra
465,Pooja Nair,Female,1990-09-02,9525117243,pooja.nair465@gmail.com,Mumbai,Maharashtra
466,Diya Reddy,Female,1975-06-20,9708336599,diya.reddy466@gmail.com,Lucknow,Uttar Pradesh
467,Neha Sharma,Female,1989-04-11,9852284646,neha.sharma467@gmail.com,Hyderabad,Telangana
468,Diya Nair,Female,1995-03-03,9095274863,diya.nair468@gmail.com,Lucknow,Uttar Pradesh
469,Aman Sharma,Male,1978-04-14,9270525467,aman.sharma469@gmail.com,Bengaluru,Karnataka
470,Kabir Gupta,Male,1999-02-21,9276237349,kabir.gupta470@gmail.com,Jaipur,Rajasthan
471,Pooja Yadav,Female,1983-10-06,9577607503,pooja.yadav471@gmail.com,Lucknow,Uttar Pradesh
472,Rahul Patel,Male,1973-02-21,9463590250,rahul.patel472@gmail.com,Delhi,Delhi
473,Kabir Nair,Male,1976-05-30,9626959995,kabir.nair473@gmail.com,Hyderabad,Telangana
474,Sneha Nair,Female,1974-02-23,9495122946,sneha.nair474@gmail.com,Hyderabad,Telangana
475,Neha Reddy,Female,1999-06-12,9151123285,neha.reddy475@gmail.com,Chennai,Tamil Nadu
476,Kabir Patel,Male,1980-03-21,9751924875,kabir.patel476@gmail.com,Chennai,Tamil Nadu
477,Aman Joshi,Male,1987-10-15,9040192726,aman.joshi477@gmail.com,Lucknow,Uttar Pradesh
478,Kabir Nair,Male,1989-04-10,9755123564,kabir.nair478@gmail.com,Kolkata,West Bengal
479,Aarav Sharma,Male,1997-07-27,9784009882,aarav.sharma479@gmail.com,Bengaluru,Karnataka
480,Arjun Verma,Male,1981-02-18,9101113086,arjun.verma480@gmail.com,Jaipur,Rajasthan
481,Aditya Singh,Male,1995-07-21,9531856421,aditya.singh481@gmail.com,Chennai,Tamil Nadu
482,Karan Reddy,Male,1972-06-28,9358537881,karan.reddy482@gmail.com,Jaipur,Rajasthan
483,Riya Yadav,Female,1995-05-23,9371437151,riya.yadav483@gmail.com,Kolkata,West Bengal
484,Aisha Joshi,Female,1977-04-29,9462804253,aisha.joshi484@gmail.com,Pune,Maharashtra
485,Karan Gupta,Male,1993-07-31,9370151261,karan.gupta485@gmail.com,Delhi,Delhi
486,Diya Kumar,Female,1989-12-14,9956841822,diya.kumar486@gmail.com,Chennai,Tamil Nadu
487,Karan Sharma,Male,1977-06-18,9668854798,karan.sharma487@gmail.com,Delhi,Delhi
488,Aarav Kumar,Male,1996-09-30,9560652650,aarav.kumar488@gmail.com,Delhi,Delhi
489,Neha Patel,Female,1981-12-14,9795736173,neha.patel489@gmail.com,Kolkata,West Bengal
490,Vivaan Verma,Male,1994-12-21,9027906914,vivaan.verma490@gmail.com,Ahmedabad,Gujarat
491,Rohan Sharma,Male,1998-08-19,9355207114,rohan.sharma491@gmail.com,Delhi,Delhi
492,Aisha Singh,Female,2009-04-14,9334546458,aisha.singh492@gmail.com,Lucknow,Uttar Pradesh
493,Arjun Kumar,Male,2000-01-25,9028988182,arjun.kumar493@gmail.com,Ahmedabad,Gujarat
494,Neha Sharma,Female,1978-11-26,9241115286,neha.sharma494@gmail.com,Hyderabad,Telangana
495,Rahul Sharma,Male,1995-10-05,9183626497,rahul.sharma495@gmail.com,Kolkata,West Bengal
496,Neha Verma,Female,1981-02-20,9705232381,neha.verma496@gmail.com,Jaipur,Rajasthan
497,Kabir Verma,Male,1970-06-12,9883968226,kabir.verma497@gmail.com,Chennai,Tamil Nadu
498,Rohan Verma,Male,1989-07-28,9183352015,rohan.verma498@gmail.com,Jaipur,Rajasthan
499,Vivaan Nair,Male,1976-07-16,9315634122,vivaan.nair499@gmail.com,Kolkata,West Bengal
500,Priya Gupta,Female,2000-04-29,9231844129,priya.gupta500@gmail.com,Bengaluru,Karnataka
501,Aisha Yadav,Female,1991-12-11,9890978554,aisha.yadav501@gmail.com,Hyderabad,Telangana
502,Diya Patel,Female,1981-07-31,9715643500,diya.patel502@gmail.com,Jaipur,Rajasthan
503,Priya Yadav,Female,1983-01-25,9185565944,priya.yadav503@gmail.com,Jaipur,Rajasthan
504,Meera Nair,Female,1971-01-28,9950903649,meera.nair504@gmail.com,Hyderabad,Telangana
505,Vivaan Nair,Male,1989-01-25,9438095459,vivaan.nair505@gmail.com,Bengaluru,Karnataka
506,Aditya Singh,Male,2009-10-11,9180842841,aditya.singh506@gmail.com,Jaipur,Rajasthan
507,Sneha Singh,Female,2007-06-02,9688102160,sneha.singh507@gmail.com,Hyderabad,Telangana
508,Rahul Verma,Male,2010-08-20,9182957039,rahul.verma508@gmail.com,Hyderabad,Telangana
509,Rohan Sharma,Male,1987-04-08,9809293389,rohan.sharma509@gmail.com,Ahmedabad,Gujarat
510,Neha Yadav,Female,1997-08-19,9375914283,neha.yadav510@gmail.com,Ahmedabad,Gujarat
511,Aditya Kumar,Male,1971-09-02,9397486109,aditya.kumar511@gmail.com,Bengaluru,Karnataka
512,Aman Sharma,Male,1972-11-23,9659900015,aman.sharma512@gmail.com,Lucknow,Uttar Pradesh
513,Diya Nair,Female,2002-04-23,9270528061,diya.nair513@gmail.com,Ahmedabad,Gujarat
514,Aman Sharma,Male,1981-07-13,9268972701,aman.sharma514@gmail.com,Bengaluru,Karnataka
515,Aditya Joshi,Male,2005-01-24,9899008095,aditya.joshi515@gmail.com,Delhi,Delhi
516,Pooja Gupta,Female,1977-09-29,9849426860,pooja.gupta516@gmail.com,Chennai,Tamil Nadu
517,Riya Gupta,Female,1993-10-28,9828722655,riya.gupta517@gmail.com,Pune,Maharashtra
518,Vivaan Kumar,Male,1971-11-06,9511694958,vivaan.kumar518@gmail.com,Pune,Maharashtra
519,Aarav Singh,Male,1987-02-26,9078571092,aarav.singh519@gmail.com,Delhi,Delhi
520,Pooja Reddy,Female,2004-10-13,9745220516,pooja.reddy520@gmail.com,Bengaluru,Karnataka
521,Priya Yadav,Female,1996-03-09,9973200130,priya.yadav521@gmail.com,Ahmedabad,Gujarat
522,Neha Reddy,Female,1975-02-12,9875788612,neha.reddy522@gmail.com,Delhi,Delhi
523,Aarav Gupta,Male,1975-01-21,9240817393,aarav.gupta523@gmail.com,Bengaluru,Karnataka
524,Sai Patel,Male,2008-12-31,9347829137,sai.patel524@gmail.com,Delhi,Delhi
525,Vivaan Reddy,Male,1970-07-25,9148140651,vivaan.reddy525@gmail.com,Kolkata,West Bengal
526,Aisha Nair,Female,1974-01-03,9686069762,aisha.nair526@gmail.com,Bengaluru,Karnataka
527,Ishaan Joshi,Male,2007-06-28,9742563746,ishaan.joshi527@gmail.com,Pune,Maharashtra
528,Arjun Singh,Male,1971-04-26,9091529807,arjun.singh528@gmail.com,Pune,Maharashtra
529,Neha Yadav,Female,1973-04-13,9865843934,neha.yadav529@gmail.com,Lucknow,Uttar Pradesh
530,Diya Gupta,Female,1987-04-06,9148215963,diya.gupta530@gmail.com,Pune,Maharashtra
531,Aditya Yadav,Male,1993-05-06,9711326825,aditya.yadav531@gmail.com,Chennai,Tamil Nadu
532,Kabir Yadav,Male,1980-07-12,9901727447,kabir.yadav532@gmail.com,Lucknow,Uttar Pradesh
533,Meera Sharma,Female,1993-08-20,9201564166,meera.sharma533@gmail.com,Kolkata,West Bengal
534,Rohan Joshi,Male,1973-01-11,9606213641,rohan.joshi534@gmail.com,Jaipur,Rajasthan
535,Riya Reddy,Female,1988-08-15,9337513611,riya.reddy535@gmail.com,Mumbai,Maharashtra
536,Meera Gupta,Female,1980-07-21,9608905424,meera.gupta536@gmail.com,Hyderabad,Telangana
537,Karan Singh,Male,1977-01-05,9719296044,karan.singh537@gmail.com,Mumbai,Maharashtra
538,Sneha Patel,Female,1993-02-12,9647153050,sneha.patel538@gmail.com,Jaipur,Rajasthan
539,Rahul Joshi,Male,2006-03-26,9713771823,rahul.joshi539@gmail.com,Ahmedabad,Gujarat
540,Karan Sharma,Male,2007-07-05,9454092313,karan.sharma540@gmail.com,Mumbai,Maharashtra
541,Pooja Kumar,Female,1987-10-04,9654132979,pooja.kumar541@gmail.com,Jaipur,Rajasthan
542,Vivaan Singh,Male,2002-01-14,9132297801,vivaan.singh542@gmail.com,Chennai,Tamil Nadu
543,Diya Singh,Female,1999-08-09,9781707795,diya.singh543@gmail.com,Delhi,Delhi
544,Aman Reddy,Male,1982-07-03,9118464311,aman.reddy544@gmail.com,Ahmedabad,Gujarat
545,Sai Verma,Male,1988-12-15,9828801161,sai.verma545@gmail.com,Chennai,Tamil Nadu
546,Neha Singh,Female,2005-07-15,9297923946,neha.singh546@gmail.com,Jaipur,Rajasthan
547,Meera Patel,Female,1977-04-01,9749647977,meera.patel547@gmail.com,Hyderabad,Telangana
548,Aditya Patel,Male,1982-09-15,9057693300,aditya.patel548@gmail.com,Pune,Maharashtra
549,Meera Sharma,Female,2003-03-27,9477227817,meera.sharma549@gmail.com,Ahmedabad,Gujarat
550,Aisha Sharma,Female,1973-12-30,9766098867,aisha.sharma550@gmail.com,Chennai,Tamil Nadu
551,Vivaan Singh,Male,2009-05-22,9400674701,vivaan.singh551@gmail.com,Mumbai,Maharashtra
552,Priya Sharma,Female,1977-09-16,9744404173,priya.sharma552@gmail.com,Lucknow,Uttar Pradesh
553,Ananya Sharma,Female,1994-03-18,9661714511,ananya.sharma553@gmail.com,Lucknow,Uttar Pradesh
554,Arjun Verma,Male,1989-12-27,9630725878,arjun.verma554@gmail.com,Delhi,Delhi
555,Meera Patel,Female,1986-11-15,9461402835,meera.patel555@gmail.com,Kolkata,West Bengal
556,Riya Sharma,Female,1992-05-16,9038893469,riya.sharma556@gmail.com,Ahmedabad,Gujarat
557,Vivaan Kumar,Male,1977-05-31,9323305831,vivaan.kumar557@gmail.com,Bengaluru,Karnataka
558,Ananya Sharma,Female,1979-11-05,9361620886,ananya.sharma558@gmail.com,Delhi,Delhi
559,Ishaan Joshi,Male,1978-01-06,9841719332,ishaan.joshi559@gmail.com,Ahmedabad,Gujarat
560,Kabir Verma,Male,1996-07-03,9665687122,kabir.verma560@gmail.com,Delhi,Delhi
561,Sai Gupta,Male,2010-07-21,9356458915,sai.gupta561@gmail.com,Mumbai,Maharashtra
562,Kabir Yadav,Male,1975-10-13,9620425820,kabir.yadav562@gmail.com,Jaipur,Rajasthan
563,Diya Gupta,Female,2005-05-17,9032462153,diya.gupta563@gmail.com,Ahmedabad,Gujarat
564,Ishaan Singh,Male,1981-04-09,9957890708,ishaan.singh564@gmail.com,Hyderabad,Telangana
565,Ananya Yadav,Female,1987-02-05,9911531152,ananya.yadav565@gmail.com,Bengaluru,Karnataka
566,Neha Singh,Female,1980-08-13,9593510606,neha.singh566@gmail.com,Bengaluru,Karnataka
567,Kabir Joshi,Male,1984-10-07,9032316064,kabir.joshi567@gmail.com,Mumbai,Maharashtra
568,Rahul Joshi,Male,1970-09-17,9042768134,rahul.joshi568@gmail.com,Mumbai,Maharashtra
569,Karan Sharma,Male,2000-09-26,9263201798,karan.sharma569@gmail.com,Pune,Maharashtra
570,Priya Gupta,Female,2000-12-15,9325106403,priya.gupta570@gmail.com,Lucknow,Uttar Pradesh
571,Meera Patel,Female,1986-09-07,9622563753,meera.patel571@gmail.com,Kolkata,West Bengal
572,Arjun Yadav,Male,1991-09-30,9647861810,arjun.yadav572@gmail.com,Hyderabad,Telangana
573,Aarav Singh,Male,1983-05-23,9924089122,aarav.singh573@gmail.com,Kolkata,West Bengal
574,Neha Yadav,Female,1998-09-13,9074226957,neha.yadav574@gmail.com,Hyderabad,Telangana
575,Priya Yadav,Female,2002-07-26,9378048226,priya.yadav575@gmail.com,Lucknow,Uttar Pradesh
576,Kabir Gupta,Male,1984-05-02,9573955403,kabir.gupta576@gmail.com,Bengaluru,Karnataka
577,Rahul Singh,Male,1975-06-17,9824782335,rahul.singh577@gmail.com,Kolkata,West Bengal
578,Aisha Verma,Female,1997-11-20,9702618182,aisha.verma578@gmail.com,Ahmedabad,Gujarat
579,Sai Verma,Male,1995-05-18,9665611350,sai.verma579@gmail.com,Chennai,Tamil Nadu
580,Sai Sharma,Male,1987-08-11,9189754599,sai.sharma580@gmail.com,Kolkata,West Bengal
581,Ishaan Singh,Male,1975-07-07,9083081958,ishaan.singh581@gmail.com,Chennai,Tamil Nadu
582,Ananya Kumar,Female,1993-07-25,9577038640,ananya.kumar582@gmail.com,Mumbai,Maharashtra
583,Pooja Joshi,Female,1997-03-03,9016532680,pooja.joshi583@gmail.com,Kolkata,West Bengal
584,Aman Joshi,Male,1985-02-12,9090949059,aman.joshi584@gmail.com,Hyderabad,Telangana
585,Aarav Nair,Male,1972-05-13,9369763507,aarav.nair585@gmail.com,Hyderabad,Telangana
586,Aditya Kumar,Male,2003-08-17,9121930653,aditya.kumar586@gmail.com,Delhi,Delhi
587,Rohan Patel,Male,1979-11-04,9930160331,rohan.patel587@gmail.com,Jaipur,Rajasthan
588,Pooja Verma,Female,1994-10-14,9455687967,pooja.verma588@gmail.com,Kolkata,West Bengal
589,Arjun Verma,Male,2003-02-23,9762522866,arjun.verma589@gmail.com,Mumbai,Maharashtra
590,Ananya Singh,Female,2000-05-27,9434802309,ananya.singh590@gmail.com,Pune,Maharashtra
591,Aditya Gupta,Male,1979-12-30,9416776622,aditya.gupta591@gmail.com,Delhi,Delhi
592,Diya Sharma,Female,2005-03-30,9658194745,diya.sharma592@gmail.com,Kolkata,West Bengal
593,Aman Yadav,Male,1973-04-11,9117136668,aman.yadav593@gmail.com,Jaipur,Rajasthan
594,Ananya Yadav,Female,1993-07-10,9249283609,ananya.yadav594@gmail.com,Chennai,Tamil Nadu
595,Neha Yadav,Female,1998-07-15,9988934711,neha.yadav595@gmail.com,Mumbai,Maharashtra
596,Diya Kumar,Female,1987-03-31,9867493992,diya.kumar596@gmail.com,Bengaluru,Karnataka
597,Meera Reddy,Female,2006-07-31,9463176341,meera.reddy597@gmail.com,Lucknow,Uttar Pradesh
598,Sai Singh,Male,2010-08-30,9735162545,sai.singh598@gmail.com,Delhi,Delhi
599,Aditya Yadav,Male,1985-08-01,9340040589,aditya.yadav599@gmail.com,Delhi,Delhi
600,Rohan Gupta,Male,1978-11-03,9674811762,rohan.gupta600@gmail.com,Delhi,Delhi
601,Kabir Singh,Male,1977-04-17,9767165115,kabir.singh601@gmail.com,Mumbai,Maharashtra
602,Meera Gupta,Female,1986-02-22,9934581358,meera.gupta602@gmail.com,Mumbai,Maharashtra
603,Aisha Joshi,Female,2002-09-03,9893733968,aisha.joshi603@gmail.com,Jaipur,Rajasthan
604,Rahul Gupta,Male,2002-09-30,9310340791,rahul.gupta604@gmail.com,Bengaluru,Karnataka
605,Arjun Kumar,Male,1975-12-04,9462753947,arjun.kumar605@gmail.com,Ahmedabad,Gujarat
606,Rohan Nair,Male,2005-05-13,9610430988,rohan.nair606@gmail.com,Pune,Maharashtra
607,Diya Gupta,Female,1977-11-02,9326086546,diya.gupta607@gmail.com,Delhi,Delhi
608,Pooja Joshi,Female,1993-05-26,9534995408,pooja.joshi608@gmail.com,Ahmedabad,Gujarat
609,Rahul Nair,Male,1999-03-14,9667384090,rahul.nair609@gmail.com,Mumbai,Maharashtra
610,Neha Yadav,Female,2007-04-08,9250063090,neha.yadav610@gmail.com,Bengaluru,Karnataka
611,Aisha Patel,Female,1989-11-15,9096507009,aisha.patel611@gmail.com,Lucknow,Uttar Pradesh
612,Aarav Nair,Male,1992-04-14,9915050775,aarav.nair612@gmail.com,Kolkata,West Bengal
613,Arjun Singh,Male,1994-03-05,9938404882,arjun.singh613@gmail.com,Delhi,Delhi
614,Sai Patel,Male,1995-06-12,9191437897,sai.patel614@gmail.com,Kolkata,West Bengal
615,Arjun Kumar,Male,2005-07-21,9354292911,arjun.kumar615@gmail.com,Bengaluru,Karnataka
616,Arjun Singh,Male,2001-04-06,9080812349,arjun.singh616@gmail.com,Mumbai,Maharashtra
617,Priya Kumar,Female,1996-05-06,9665784285,priya.kumar617@gmail.com,Pune,Maharashtra
618,Riya Sharma,Female,1973-09-26,9214773731,riya.sharma618@gmail.com,Delhi,Delhi
619,Pooja Sharma,Female,2001-12-18,9273551473,pooja.sharma619@gmail.com,Kolkata,West Bengal
620,Aarav Patel,Male,2011-01-21,9312780147,aarav.patel620@gmail.com,Hyderabad,Telangana
621,Riya Singh,Female,1975-07-23,9368355196,riya.singh621@gmail.com,Mumbai,Maharashtra
622,Vivaan Singh,Male,1984-08-17,9000127304,vivaan.singh622@gmail.com,Jaipur,Rajasthan
623,Aditya Gupta,Male,1995-01-21,9418858019,aditya.gupta623@gmail.com,Hyderabad,Telangana
624,Aditya Sharma,Male,2008-07-18,9544237522,aditya.sharma624@gmail.com,Mumbai,Maharashtra
625,Diya Kumar,Female,2010-10-03,9831400423,diya.kumar625@gmail.com,Jaipur,Rajasthan
626,Meera Reddy,Female,1987-12-07,9871714092,meera.reddy626@gmail.com,Bengaluru,Karnataka
627,Meera Joshi,Female,1984-06-17,9117536688,meera.joshi627@gmail.com,Hyderabad,Telangana
628,Neha Verma,Female,2000-05-23,9564430336,neha.verma628@gmail.com,Kolkata,West Bengal
629,Karan Gupta,Male,1993-06-22,9951709439,karan.gupta629@gmail.com,Delhi,Delhi
630,Meera Kumar,Female,1994-10-17,9993319914,meera.kumar630@gmail.com,Lucknow,Uttar Pradesh
631,Ishaan Nair,Male,2000-07-23,9981180862,ishaan.nair631@gmail.com,Jaipur,Rajasthan
632,Riya Sharma,Female,1999-07-13,9735459472,riya.sharma632@gmail.com,Kolkata,West Bengal
633,Ananya Joshi,Female,1984-08-27,9283796543,ananya.joshi633@gmail.com,Ahmedabad,Gujarat
634,Aman Joshi,Male,1975-08-07,9348837904,aman.joshi634@gmail.com,Kolkata,West Bengal
635,Diya Gupta,Female,2007-05-11,9839723940,diya.gupta635@gmail.com,Hyderabad,Telangana
636,Aarav Sharma,Male,1983-11-24,9060861783,aarav.sharma636@gmail.com,Pune,Maharashtra
637,Rohan Reddy,Male,2007-01-30,9991704997,rohan.reddy637@gmail.com,Ahmedabad,Gujarat
638,Karan Singh,Male,2010-01-28,9260749996,karan.singh638@gmail.com,Chennai,Tamil Nadu
639,Diya Patel,Female,1976-06-21,9349000925,diya.patel639@gmail.com,Mumbai,Maharashtra
640,Diya Yadav,Female,1978-03-29,9811072554,diya.yadav640@gmail.com,Kolkata,West Bengal
641,Rohan Kumar,Male,2007-10-04,9696346293,rohan.kumar641@gmail.com,Kolkata,West Bengal
642,Neha Gupta,Female,1984-02-25,9797045804,neha.gupta642@gmail.com,Chennai,Tamil Nadu
643,Aarav Gupta,Male,2002-09-30,9633905933,aarav.gupta643@gmail.com,Lucknow,Uttar Pradesh
644,Meera Joshi,Female,1989-07-19,9101864670,meera.joshi644@gmail.com,Mumbai,Maharashtra
645,Neha Gupta,Female,1998-07-30,9175771209,neha.gupta645@gmail.com,Jaipur,Rajasthan
646,Rahul Verma,Male,2009-05-20,9597227116,rahul.verma646@gmail.com,Ahmedabad,Gujarat
647,Aarav Nair,Male,2003-11-06,9207738727,aarav.nair647@gmail.com,Mumbai,Maharashtra
648,Sneha Singh,Female,1974-03-06,9019298084,sneha.singh648@gmail.com,Mumbai,Maharashtra
649,Sai Nair,Male,1971-09-17,9618583631,sai.nair649@gmail.com,Lucknow,Uttar Pradesh
650,Ishaan Verma,Male,1988-05-17,9197953729,ishaan.verma650@gmail.com,Bengaluru,Karnataka
651,Vivaan Sharma,Male,1981-11-15,9498888402,vivaan.sharma651@gmail.com,Chennai,Tamil Nadu
652,Ananya Nair,Female,1993-01-16,9848269726,ananya.nair652@gmail.com,Mumbai,Maharashtra
653,Vivaan Yadav,Male,1997-08-26,9853539422,vivaan.yadav653@gmail.com,Bengaluru,Karnataka
654,Rohan Sharma,Male,2002-09-14,9624750304,rohan.sharma654@gmail.com,Pune,Maharashtra
655,Meera Joshi,Female,1999-12-19,9477734865,meera.joshi655@gmail.com,Lucknow,Uttar Pradesh
656,Rahul Patel,Male,1988-08-03,9748873666,rahul.patel656@gmail.com,Pune,Maharashtra
657,Arjun Verma,Male,1992-06-24,9896976225,arjun.verma657@gmail.com,Ahmedabad,Gujarat
658,Rohan Joshi,Male,1985-04-05,9122363088,rohan.joshi658@gmail.com,Chennai,Tamil Nadu
659,Karan Gupta,Male,2000-12-30,9350368433,karan.gupta659@gmail.com,Chennai,Tamil Nadu
660,Meera Patel,Female,1993-01-29,9764721964,meera.patel660@gmail.com,Jaipur,Rajasthan
661,Priya Kumar,Female,1983-07-27,9886625770,priya.kumar661@gmail.com,Delhi,Delhi
662,Sneha Nair,Female,2006-09-15,9258947981,sneha.nair662@gmail.com,Ahmedabad,Gujarat
663,Aditya Yadav,Male,2006-11-17,9197609413,aditya.yadav663@gmail.com,Jaipur,Rajasthan
664,Sai Kumar,Male,1982-09-30,9007653973,sai.kumar664@gmail.com,Ahmedabad,Gujarat
665,Rohan Patel,Male,2006-08-09,9121618399,rohan.patel665@gmail.com,Kolkata,West Bengal
666,Neha Yadav,Female,1975-06-02,9993630543,neha.yadav666@gmail.com,Delhi,Delhi
667,Ishaan Sharma,Male,1985-07-22,9399949768,ishaan.sharma667@gmail.com,Kolkata,West Bengal
668,Aditya Patel,Male,1989-04-08,9369072330,aditya.patel668@gmail.com,Pune,Maharashtra
669,Priya Kumar,Female,1978-05-31,9964068782,priya.kumar669@gmail.com,Pune,Maharashtra
670,Priya Gupta,Female,1971-02-05,9918886781,priya.gupta670@gmail.com,Kolkata,West Bengal
671,Sai Gupta,Male,1970-12-05,9562967081,sai.gupta671@gmail.com,Lucknow,Uttar Pradesh
672,Priya Sharma,Female,2002-11-26,9073363038,priya.sharma672@gmail.com,Jaipur,Rajasthan
673,Neha Verma,Female,2000-06-15,9029139534,neha.verma673@gmail.com,Kolkata,West Bengal
674,Ananya Kumar,Female,2006-12-08,9216968207,ananya.kumar674@gmail.com,Lucknow,Uttar Pradesh
675,Aisha Kumar,Female,1993-08-16,9623556457,aisha.kumar675@gmail.com,Jaipur,Rajasthan
676,Diya Sharma,Female,1979-12-28,9286807205,diya.sharma676@gmail.com,Kolkata,West Bengal
677,Riya Joshi,Female,2009-07-01,9058214721,riya.joshi677@gmail.com,Delhi,Delhi
678,Karan Gupta,Male,1991-09-16,9610489182,karan.gupta678@gmail.com,Ahmedabad,Gujarat
679,Pooja Joshi,Female,1994-08-28,9595963240,pooja.joshi679@gmail.com,Mumbai,Maharashtra
680,Aisha Joshi,Female,2000-08-15,9708152755,aisha.joshi680@gmail.com,Ahmedabad,Gujarat
681,Kabir Reddy,Male,1971-08-31,9789448024,kabir.reddy681@gmail.com,Bengaluru,Karnataka
682,Priya Sharma,Female,1978-04-19,9499894807,priya.sharma682@gmail.com,Jaipur,Rajasthan
683,Vivaan Reddy,Male,1996-07-28,9396517499,vivaan.reddy683@gmail.com,Pune,Maharashtra
684,Arjun Yadav,Male,1970-06-02,9114525024,arjun.yadav684@gmail.com,Kolkata,West Bengal
685,Aman Sharma,Male,1993-07-21,9009584364,aman.sharma685@gmail.com,Hyderabad,Telangana
686,Vivaan Joshi,Male,1990-09-10,9278073524,vivaan.joshi686@gmail.com,Bengaluru,Karnataka
687,Rahul Nair,Male,1988-01-02,9208798625,rahul.nair687@gmail.com,Jaipur,Rajasthan
688,Diya Nair,Female,2000-01-19,9336642699,diya.nair688@gmail.com,Ahmedabad,Gujarat
689,Neha Sharma,Female,1996-10-14,9352973500,neha.sharma689@gmail.com,Mumbai,Maharashtra
690,Aman Gupta,Male,1998-04-18,9562678458,aman.gupta690@gmail.com,Delhi,Delhi
691,Sneha Gupta,Female,2005-10-14,9724463327,sneha.gupta691@gmail.com,Bengaluru,Karnataka
692,Sneha Gupta,Female,2005-03-04,9090300530,sneha.gupta692@gmail.com,Delhi,Delhi
693,Ananya Singh,Female,2005-01-20,9623904310,ananya.singh693@gmail.com,Jaipur,Rajasthan
694,Arjun Verma,Male,1972-12-18,9854044597,arjun.verma694@gmail.com,Jaipur,Rajasthan
695,Aarav Reddy,Male,1985-08-23,9792191113,aarav.reddy695@gmail.com,Kolkata,West Bengal
696,Neha Verma,Female,1998-09-18,9601128780,neha.verma696@gmail.com,Lucknow,Uttar Pradesh
697,Neha Kumar,Female,1976-11-21,9224935548,neha.kumar697@gmail.com,Chennai,Tamil Nadu
698,Arjun Patel,Male,2000-06-13,9622759947,arjun.patel698@gmail.com,Hyderabad,Telangana
699,Diya Singh,Female,1989-05-09,9134043751,diya.singh699@gmail.com,Kolkata,West Bengal
700,Riya Verma,Female,1992-01-29,9918574643,riya.verma700@gmail.com,Jaipur,Rajasthan
701,Aditya Joshi,Male,1998-10-21,9435206062,aditya.joshi701@gmail.com,Pune,Maharashtra
702,Ishaan Reddy,Male,1987-04-25,9940893388,ishaan.reddy702@gmail.com,Mumbai,Maharashtra
703,Aditya Kumar,Male,2006-01-19,9558978759,aditya.kumar703@gmail.com,Mumbai,Maharashtra
704,Pooja Yadav,Female,2002-07-21,9051327601,pooja.yadav704@gmail.com,Lucknow,Uttar Pradesh
705,Vivaan Joshi,Male,1985-11-02,9071663465,vivaan.joshi705@gmail.com,Chennai,Tamil Nadu
706,Riya Verma,Female,2002-12-23,9211118977,riya.verma706@gmail.com,Hyderabad,Telangana
707,Sai Kumar,Male,1986-10-12,9733958883,sai.kumar707@gmail.com,Kolkata,West Bengal
708,Aarav Nair,Male,1970-01-12,9607899028,aarav.nair708@gmail.com,Jaipur,Rajasthan
709,Kabir Yadav,Male,1993-05-12,9727751766,kabir.yadav709@gmail.com,Jaipur,Rajasthan
710,Arjun Verma,Male,1989-06-18,9055318752,arjun.verma710@gmail.com,Ahmedabad,Gujarat
711,Sneha Gupta,Female,2007-05-11,9010228082,sneha.gupta711@gmail.com,Kolkata,West Bengal
712,Rohan Yadav,Male,1998-07-28,9386390119,rohan.yadav712@gmail.com,Delhi,Delhi
713,Priya Reddy,Female,2001-06-26,9242686914,priya.reddy713@gmail.com,Pune,Maharashtra
714,Riya Singh,Female,2001-01-09,9749351809,riya.singh714@gmail.com,Lucknow,Uttar Pradesh
715,Riya Singh,Female,1970-04-29,9726318044,riya.singh715@gmail.com,Bengaluru,Karnataka
716,Rohan Yadav,Male,2006-09-30,9430948230,rohan.yadav716@gmail.com,Ahmedabad,Gujarat
717,Aisha Joshi,Female,1983-03-12,9439323328,aisha.joshi717@gmail.com,Chennai,Tamil Nadu
718,Meera Reddy,Female,2004-10-22,9273885481,meera.reddy718@gmail.com,Chennai,Tamil Nadu
719,Meera Joshi,Female,1991-12-16,9087784127,meera.joshi719@gmail.com,Jaipur,Rajasthan
720,Pooja Singh,Female,1984-06-28,9056137151,pooja.singh720@gmail.com,Mumbai,Maharashtra
721,Sneha Yadav,Female,1991-02-16,9874610982,sneha.yadav721@gmail.com,Pune,Maharashtra
722,Kabir Kumar,Male,1991-05-03,9455653581,kabir.kumar722@gmail.com,Mumbai,Maharashtra
723,Vivaan Nair,Male,1991-09-20,9100043037,vivaan.nair723@gmail.com,Jaipur,Rajasthan
724,Diya Singh,Female,1987-09-11,9538712868,diya.singh724@gmail.com,Jaipur,Rajasthan
725,Sneha Joshi,Female,1978-10-04,9442568844,sneha.joshi725@gmail.com,Pune,Maharashtra
726,Karan Gupta,Male,1972-03-22,9572596324,karan.gupta726@gmail.com,Delhi,Delhi
727,Aditya Gupta,Male,1995-04-06,9091749855,aditya.gupta727@gmail.com,Lucknow,Uttar Pradesh
728,Rahul Reddy,Male,1986-07-31,9267238618,rahul.reddy728@gmail.com,Delhi,Delhi
729,Arjun Sharma,Male,1972-02-02,9925072323,arjun.sharma729@gmail.com,Kolkata,West Bengal
730,Meera Kumar,Female,1990-01-17,9402943916,meera.kumar730@gmail.com,Lucknow,Uttar Pradesh
731,Neha Yadav,Female,1999-07-13,9895112522,neha.yadav731@gmail.com,Mumbai,Maharashtra
732,Rohan Verma,Male,1978-09-01,9252284459,rohan.verma732@gmail.com,Pune,Maharashtra
733,Aarav Nair,Male,2008-07-10,9229819792,aarav.nair733@gmail.com,Hyderabad,Telangana
734,Ananya Sharma,Female,1973-11-30,9336785230,ananya.sharma734@gmail.com,Mumbai,Maharashtra
735,Ananya Joshi,Female,2004-01-12,9672964406,ananya.joshi735@gmail.com,Mumbai,Maharashtra
736,Aisha Patel,Female,1987-05-23,9174959920,aisha.patel736@gmail.com,Lucknow,Uttar Pradesh
737,Diya Verma,Female,2006-02-14,9802555716,diya.verma737@gmail.com,Delhi,Delhi
738,Ananya Sharma,Female,2005-08-14,9116763871,ananya.sharma738@gmail.com,Bengaluru,Karnataka
739,Sai Nair,Male,2007-04-01,9695812128,sai.nair739@gmail.com,Ahmedabad,Gujarat
740,Aisha Nair,Female,2005-11-22,9526983298,aisha.nair740@gmail.com,Kolkata,West Bengal
741,Karan Sharma,Male,1974-05-26,9619836645,karan.sharma741@gmail.com,Jaipur,Rajasthan
742,Rahul Sharma,Male,1996-12-19,9804412531,rahul.sharma742@gmail.com,Jaipur,Rajasthan
743,Aman Yadav,Male,1977-06-22,9870744882,aman.yadav743@gmail.com,Jaipur,Rajasthan
744,Pooja Sharma,Female,2010-05-02,9747472984,pooja.sharma744@gmail.com,Pune,Maharashtra
745,Sai Kumar,Male,1985-06-25,9351479913,sai.kumar745@gmail.com,Pune,Maharashtra
746,Meera Verma,Female,1978-09-26,9999819002,meera.verma746@gmail.com,Ahmedabad,Gujarat
747,Sai Joshi,Male,2010-06-24,9199701609,sai.joshi747@gmail.com,Ahmedabad,Gujarat
748,Neha Kumar,Female,2003-05-26,9142079760,neha.kumar748@gmail.com,Jaipur,Rajasthan
749,Aarav Nair,Male,1993-04-13,9754737878,aarav.nair749@gmail.com,Bengaluru,Karnataka
750,Rohan Patel,Male,1974-07-12,9960485518,rohan.patel750@gmail.com,Jaipur,Rajasthan
751,Aarav Patel,Male,1973-05-25,9772917219,aarav.patel751@gmail.com,Delhi,Delhi
752,Karan Joshi,Male,1989-01-08,9187733834,karan.joshi752@gmail.com,Jaipur,Rajasthan
753,Diya Yadav,Female,1972-07-08,9087589569,diya.yadav753@gmail.com,Lucknow,Uttar Pradesh
754,Arjun Singh,Male,1986-06-09,9665013776,arjun.singh754@gmail.com,Lucknow,Uttar Pradesh
755,Riya Gupta,Female,1999-06-02,9858121692,riya.gupta755@gmail.com,Ahmedabad,Gujarat
756,Rohan Singh,Male,2006-07-14,9509981287,rohan.singh756@gmail.com,Kolkata,West Bengal
757,Meera Kumar,Female,2008-08-07,9682560100,meera.kumar757@gmail.com,Kolkata,West Bengal
758,Rahul Kumar,Male,1980-03-13,9468406335,rahul.kumar758@gmail.com,Delhi,Delhi
759,Aman Reddy,Male,1998-05-24,9724388195,aman.reddy759@gmail.com,Pune,Maharashtra
760,Rohan Verma,Male,2003-02-14,9990345156,rohan.verma760@gmail.com,Chennai,Tamil Nadu
761,Aman Kumar,Male,2001-08-25,9196383808,aman.kumar761@gmail.com,Kolkata,West Bengal
762,Aditya Gupta,Male,1974-12-23,9671461743,aditya.gupta762@gmail.com,Mumbai,Maharashtra
763,Karan Yadav,Male,1994-06-16,9943638680,karan.yadav763@gmail.com,Kolkata,West Bengal
764,Aisha Verma,Female,1991-07-23,9310463261,aisha.verma764@gmail.com,Chennai,Tamil Nadu
765,Aditya Verma,Male,1974-08-13,9235634485,aditya.verma765@gmail.com,Delhi,Delhi
766,Rahul Nair,Male,1990-10-05,9747804188,rahul.nair766@gmail.com,Chennai,Tamil Nadu
767,Arjun Kumar,Male,2003-12-23,9846981583,arjun.kumar767@gmail.com,Pune,Maharashtra
768,Aisha Singh,Female,1992-12-27,9146192027,aisha.singh768@gmail.com,Pune,Maharashtra
769,Vivaan Joshi,Male,1992-02-18,9350391169,vivaan.joshi769@gmail.com,Ahmedabad,Gujarat
770,Neha Kumar,Female,1991-06-15,9357135703,neha.kumar770@gmail.com,Lucknow,Uttar Pradesh
771,Kabir Verma,Male,1983-08-19,9443143844,kabir.verma771@gmail.com,Delhi,Delhi
772,Priya Joshi,Female,2000-01-23,9545405457,priya.joshi772@gmail.com,Bengaluru,Karnataka
773,Neha Sharma,Female,1985-09-07,9234201053,neha.sharma773@gmail.com,Kolkata,West Bengal
774,Arjun Gupta,Male,2010-11-03,9341827114,arjun.gupta774@gmail.com,Chennai,Tamil Nadu
775,Diya Verma,Female,1979-06-19,9977394921,diya.verma775@gmail.com,Ahmedabad,Gujarat
776,Aarav Yadav,Male,2004-08-05,9268451261,aarav.yadav776@gmail.com,Mumbai,Maharashtra
777,Aarav Singh,Male,1999-09-24,9441134205,aarav.singh777@gmail.com,Lucknow,Uttar Pradesh
778,Karan Joshi,Male,2004-11-29,9793604465,karan.joshi778@gmail.com,Delhi,Delhi
779,Sai Sharma,Male,2003-04-03,9421317403,sai.sharma779@gmail.com,Kolkata,West Bengal
780,Sneha Kumar,Female,1982-06-04,9201848542,sneha.kumar780@gmail.com,Lucknow,Uttar Pradesh
781,Riya Nair,Female,1992-12-14,9249039072,riya.nair781@gmail.com,Jaipur,Rajasthan
782,Diya Yadav,Female,1998-10-28,9568116341,diya.yadav782@gmail.com,Ahmedabad,Gujarat
783,Kabir Patel,Male,1994-12-27,9095883018,kabir.patel783@gmail.com,Kolkata,West Bengal
784,Pooja Joshi,Female,1998-09-13,9878145574,pooja.joshi784@gmail.com,Lucknow,Uttar Pradesh
785,Meera Nair,Female,2000-04-24,9394106266,meera.nair785@gmail.com,Ahmedabad,Gujarat
786,Aman Nair,Male,1973-08-03,9403072417,aman.nair786@gmail.com,Lucknow,Uttar Pradesh
787,Arjun Verma,Male,1981-12-17,9550220039,arjun.verma787@gmail.com,Ahmedabad,Gujarat
788,Aman Reddy,Male,1980-08-26,9757211188,aman.reddy788@gmail.com,Hyderabad,Telangana
789,Rahul Yadav,Male,1982-05-22,9786202128,rahul.yadav789@gmail.com,Jaipur,Rajasthan
790,Sneha Nair,Female,1981-06-19,9068883568,sneha.nair790@gmail.com,Bengaluru,Karnataka
791,Priya Singh,Female,1977-09-07,9360694518,priya.singh791@gmail.com,Pune,Maharashtra
792,Kabir Patel,Male,2007-06-09,9243857040,kabir.patel792@gmail.com,Mumbai,Maharashtra
793,Aisha Kumar,Female,1979-09-14,9755374346,aisha.kumar793@gmail.com,Delhi,Delhi
794,Vivaan Yadav,Male,1986-03-24,9654672257,vivaan.yadav794@gmail.com,Mumbai,Maharashtra
795,Rohan Reddy,Male,1989-03-09,9783038030,rohan.reddy795@gmail.com,Ahmedabad,Gujarat
796,Karan Singh,Male,1983-04-30,9564152832,karan.singh796@gmail.com,Pune,Maharashtra
797,Kabir Kumar,Male,1986-05-10,9054174926,kabir.kumar797@gmail.com,Ahmedabad,Gujarat
798,Aarav Joshi,Male,1983-12-06,9552052560,aarav.joshi798@gmail.com,Chennai,Tamil Nadu
799,Ishaan Joshi,Male,1997-12-05,9838021223,ishaan.joshi799@gmail.com,Hyderabad,Telangana
800,Sneha Joshi,Female,1992-04-15,9984321163,sneha.joshi800@gmail.com,Hyderabad,Telangana
801,Meera Joshi,Female,1993-12-20,9381897335,meera.joshi801@gmail.com,Bengaluru,Karnataka
802,Sai Singh,Male,1997-06-19,9510601172,sai.singh802@gmail.com,Bengaluru,Karnataka
803,Meera Kumar,Female,1973-06-20,9131724790,meera.kumar803@gmail.com,Ahmedabad,Gujarat
804,Meera Kumar,Female,1997-06-11,9381611120,meera.kumar804@gmail.com,Lucknow,Uttar Pradesh
805,Priya Sharma,Female,1975-06-08,9579586628,priya.sharma805@gmail.com,Kolkata,West Bengal
806,Aman Patel,Male,1975-06-26,9396058558,aman.patel806@gmail.com,Lucknow,Uttar Pradesh
807,Aisha Verma,Female,1990-05-13,9262969962,aisha.verma807@gmail.com,Kolkata,West Bengal
808,Aditya Singh,Male,1991-11-15,9671772658,aditya.singh808@gmail.com,Hyderabad,Telangana
809,Riya Sharma,Female,1974-06-06,9129555002,riya.sharma809@gmail.com,Hyderabad,Telangana
810,Riya Gupta,Female,2000-07-07,9446661803,riya.gupta810@gmail.com,Jaipur,Rajasthan
811,Sneha Patel,Female,1986-04-05,9198044042,sneha.patel811@gmail.com,Mumbai,Maharashtra
812,Ananya Kumar,Female,1996-08-11,9273057002,ananya.kumar812@gmail.com,Hyderabad,Telangana
813,Neha Nair,Female,2008-04-08,9375390657,neha.nair813@gmail.com,Ahmedabad,Gujarat
814,Diya Reddy,Female,1986-11-08,9202806853,diya.reddy814@gmail.com,Hyderabad,Telangana
815,Sai Gupta,Male,1994-07-17,9313893598,sai.gupta815@gmail.com,Jaipur,Rajasthan
816,Meera Nair,Female,1979-06-20,9208536947,meera.nair816@gmail.com,Pune,Maharashtra
817,Aarav Sharma,Male,1976-01-05,9037413475,aarav.sharma817@gmail.com,Ahmedabad,Gujarat
818,Neha Verma,Female,2000-10-12,9724138807,neha.verma818@gmail.com,Chennai,Tamil Nadu
819,Pooja Patel,Female,2002-10-17,9781077667,pooja.patel819@gmail.com,Ahmedabad,Gujarat
820,Ananya Patel,Female,1999-12-24,9976113069,ananya.patel820@gmail.com,Mumbai,Maharashtra
821,Aarav Verma,Male,1994-03-07,9256115149,aarav.verma821@gmail.com,Lucknow,Uttar Pradesh
822,Aman Reddy,Male,1990-12-16,9260995203,aman.reddy822@gmail.com,Bengaluru,Karnataka
823,Arjun Joshi,Male,1992-12-06,9932510043,arjun.joshi823@gmail.com,Jaipur,Rajasthan
824,Priya Nair,Female,2000-01-10,9404786809,priya.nair824@gmail.com,Ahmedabad,Gujarat
825,Rohan Nair,Male,1994-01-10,9995069632,rohan.nair825@gmail.com,Chennai,Tamil Nadu
826,Sai Sharma,Male,2009-05-31,9812757980,sai.sharma826@gmail.com,Bengaluru,Karnataka
827,Ishaan Verma,Male,1995-07-25,9229830479,ishaan.verma827@gmail.com,Mumbai,Maharashtra
828,Karan Yadav,Male,2003-11-12,9978662906,karan.yadav828@gmail.com,Bengaluru,Karnataka
829,Meera Gupta,Female,1989-07-21,9394501764,meera.gupta829@gmail.com,Mumbai,Maharashtra
830,Vivaan Reddy,Male,1971-06-29,9146310839,vivaan.reddy830@gmail.com,Lucknow,Uttar Pradesh
831,Kabir Verma,Male,2007-05-17,9993674801,kabir.verma831@gmail.com,Bengaluru,Karnataka
832,Riya Sharma,Female,1985-11-24,9026920726,riya.sharma832@gmail.com,Ahmedabad,Gujarat
833,Aditya Joshi,Male,1980-11-02,9104793332,aditya.joshi833@gmail.com,Pune,Maharashtra
834,Riya Sharma,Female,1980-07-31,9882672310,riya.sharma834@gmail.com,Mumbai,Maharashtra
835,Aman Reddy,Male,1999-03-07,9948142692,aman.reddy835@gmail.com,Delhi,Delhi
836,Aisha Gupta,Female,2005-02-05,9027327386,aisha.gupta836@gmail.com,Ahmedabad,Gujarat
837,Neha Singh,Female,1991-09-18,9326171716,neha.singh837@gmail.com,Lucknow,Uttar Pradesh
838,Neha Yadav,Female,1971-04-25,9546445230,neha.yadav838@gmail.com,Kolkata,West Bengal
839,Sai Patel,Male,2003-09-08,9414633781,sai.patel839@gmail.com,Mumbai,Maharashtra
840,Pooja Patel,Female,1978-02-06,9258553724,pooja.patel840@gmail.com,Pune,Maharashtra
841,Aman Verma,Male,1998-05-28,9267493263,aman.verma841@gmail.com,Ahmedabad,Gujarat
842,Sai Verma,Male,1979-03-23,9720083287,sai.verma842@gmail.com,Chennai,Tamil Nadu
843,Riya Reddy,Female,2007-11-01,9315762961,riya.reddy843@gmail.com,Mumbai,Maharashtra
844,Ishaan Sharma,Male,1979-02-19,9651974187,ishaan.sharma844@gmail.com,Delhi,Delhi
845,Rohan Gupta,Male,1980-04-28,9944889684,rohan.gupta845@gmail.com,Jaipur,Rajasthan
846,Diya Nair,Female,1980-04-01,9203187674,diya.nair846@gmail.com,Lucknow,Uttar Pradesh
847,Aman Verma,Male,2009-09-15,9650794495,aman.verma847@gmail.com,Lucknow,Uttar Pradesh
848,Aisha Patel,Female,2004-09-09,9973670447,aisha.patel848@gmail.com,Pune,Maharashtra
849,Aditya Singh,Male,1996-07-10,9403932408,aditya.singh849@gmail.com,Kolkata,West Bengal
850,Aman Kumar,Male,1977-09-15,9493963319,aman.kumar850@gmail.com,Kolkata,West Bengal
851,Diya Gupta,Female,2010-06-09,9250016791,diya.gupta851@gmail.com,Jaipur,Rajasthan
852,Karan Gupta,Male,2010-01-13,9197055039,karan.gupta852@gmail.com,Kolkata,West Bengal
853,Sai Yadav,Male,2006-06-06,9121042977,sai.yadav853@gmail.com,Ahmedabad,Gujarat
854,Aarav Joshi,Male,2002-06-02,9415996318,aarav.joshi854@gmail.com,Mumbai,Maharashtra
855,Vivaan Gupta,Male,2006-07-22,9666194049,vivaan.gupta855@gmail.com,Delhi,Delhi
856,Vivaan Nair,Male,2003-08-29,9594455841,vivaan.nair856@gmail.com,Chennai,Tamil Nadu
857,Neha Yadav,Female,2006-04-13,9731798706,neha.yadav857@gmail.com,Bengaluru,Karnataka
858,Kabir Singh,Male,1997-02-23,9117333946,kabir.singh858@gmail.com,Bengaluru,Karnataka
859,Vivaan Yadav,Male,2001-01-01,9910645229,vivaan.yadav859@gmail.com,Jaipur,Rajasthan
860,Ananya Kumar,Female,1973-09-05,9860038172,ananya.kumar860@gmail.com,Lucknow,Uttar Pradesh
861,Sai Patel,Male,1982-01-16,9698271406,sai.patel861@gmail.com,Mumbai,Maharashtra
862,Rohan Yadav,Male,1993-06-14,9445174398,rohan.yadav862@gmail.com,Pune,Maharashtra
863,Meera Kumar,Female,1976-06-13,9139644032,meera.kumar863@gmail.com,Pune,Maharashtra
864,Rohan Nair,Male,1980-09-08,9608107286,rohan.nair864@gmail.com,Ahmedabad,Gujarat
865,Aditya Sharma,Male,2002-12-02,9606427764,aditya.sharma865@gmail.com,Ahmedabad,Gujarat
866,Arjun Yadav,Male,1977-12-12,9988927357,arjun.yadav866@gmail.com,Chennai,Tamil Nadu
867,Kabir Kumar,Male,2006-07-16,9032606821,kabir.kumar867@gmail.com,Jaipur,Rajasthan
868,Diya Joshi,Female,1972-12-26,9164653904,diya.joshi868@gmail.com,Bengaluru,Karnataka
869,Priya Singh,Female,1977-03-23,9431117827,priya.singh869@gmail.com,Lucknow,Uttar Pradesh
870,Sneha Verma,Female,1986-07-26,9353982952,sneha.verma870@gmail.com,Pune,Maharashtra
871,Karan Verma,Male,1982-02-10,9410726328,karan.verma871@gmail.com,Jaipur,Rajasthan
872,Neha Patel,Female,1985-01-27,9051131579,neha.patel872@gmail.com,Bengaluru,Karnataka
873,Priya Sharma,Female,2001-11-01,9151132736,priya.sharma873@gmail.com,Ahmedabad,Gujarat
874,Ishaan Singh,Male,2005-03-03,9753970326,ishaan.singh874@gmail.com,Lucknow,Uttar Pradesh
875,Kabir Verma,Male,2003-06-04,9182500935,kabir.verma875@gmail.com,Jaipur,Rajasthan
876,Ishaan Verma,Male,2004-07-29,9122021097,ishaan.verma876@gmail.com,Jaipur,Rajasthan
877,Rohan Nair,Male,2010-08-31,9771659525,rohan.nair877@gmail.com,Ahmedabad,Gujarat
878,Aditya Reddy,Male,2001-08-19,9898967090,aditya.reddy878@gmail.com,Pune,Maharashtra
879,Ananya Gupta,Female,1993-09-24,9691487596,ananya.gupta879@gmail.com,Kolkata,West Bengal
880,Aman Kumar,Male,1984-11-17,9221206057,aman.kumar880@gmail.com,Jaipur,Rajasthan
881,Riya Gupta,Female,1985-10-30,9349051353,riya.gupta881@gmail.com,Kolkata,West Bengal
882,Kabir Sharma,Male,1984-01-18,9935792513,kabir.sharma882@gmail.com,Kolkata,West Bengal
883,Sneha Sharma,Female,1989-04-17,9544374323,sneha.sharma883@gmail.com,Kolkata,West Bengal
884,Sai Joshi,Male,1990-05-04,9520244522,sai.joshi884@gmail.com,Jaipur,Rajasthan
885,Karan Reddy,Male,2006-12-24,9691060334,karan.reddy885@gmail.com,Bengaluru,Karnataka
886,Sai Gupta,Male,1987-07-26,9025115032,sai.gupta886@gmail.com,Hyderabad,Telangana
887,Neha Joshi,Female,1987-11-18,9970616545,neha.joshi887@gmail.com,Ahmedabad,Gujarat
888,Rohan Nair,Male,1998-06-21,9883101820,rohan.nair888@gmail.com,Bengaluru,Karnataka
889,Vivaan Verma,Male,1987-02-22,9940372263,vivaan.verma889@gmail.com,Ahmedabad,Gujarat
890,Ananya Joshi,Female,1996-08-01,9143449305,ananya.joshi890@gmail.com,Hyderabad,Telangana
891,Vivaan Verma,Male,1999-11-25,9893918525,vivaan.verma891@gmail.com,Mumbai,Maharashtra
892,Rohan Reddy,Male,1974-04-06,9809348039,rohan.reddy892@gmail.com,Lucknow,Uttar Pradesh
893,Priya Kumar,Female,1972-04-13,9513746676,priya.kumar893@gmail.com,Pune,Maharashtra
894,Kabir Patel,Male,2009-02-07,9150222085,kabir.patel894@gmail.com,Bengaluru,Karnataka
895,Sneha Singh,Female,2004-08-03,9030428639,sneha.singh895@gmail.com,Lucknow,Uttar Pradesh
896,Meera Sharma,Female,1979-06-13,9469911070,meera.sharma896@gmail.com,Jaipur,Rajasthan
897,Riya Singh,Female,1982-11-30,9622219329,riya.singh897@gmail.com,Chennai,Tamil Nadu
898,Sai Sharma,Male,1997-06-15,9492101622,sai.sharma898@gmail.com,Mumbai,Maharashtra
899,Pooja Yadav,Female,1995-04-07,9284208771,pooja.yadav899@gmail.com,Bengaluru,Karnataka
900,Diya Kumar,Female,1973-03-01,9939042522,diya.kumar900@gmail.com,Delhi,Delhi
901,Rahul Gupta,Male,2004-05-23,9044581121,rahul.gupta901@gmail.com,Mumbai,Maharashtra
902,Neha Kumar,Female,1975-08-13,9211771196,neha.kumar902@gmail.com,Kolkata,West Bengal
903,Kabir Patel,Male,2005-07-22,9987873400,kabir.patel903@gmail.com,Pune,Maharashtra
904,Sai Kumar,Male,1974-11-18,9016301363,sai.kumar904@gmail.com,Bengaluru,Karnataka
905,Aditya Joshi,Male,2006-09-20,9290322087,aditya.joshi905@gmail.com,Delhi,Delhi
906,Vivaan Sharma,Male,1981-06-14,9988317916,vivaan.sharma906@gmail.com,Jaipur,Rajasthan
907,Aisha Verma,Female,1982-07-23,9971770193,aisha.verma907@gmail.com,Mumbai,Maharashtra
908,Aarav Reddy,Male,2010-01-03,9535143055,aarav.reddy908@gmail.com,Hyderabad,Telangana
909,Ananya Nair,Female,1984-01-24,9669811509,ananya.nair909@gmail.com,Pune,Maharashtra
910,Rahul Nair,Male,2010-10-08,9284541438,rahul.nair910@gmail.com,Chennai,Tamil Nadu
911,Arjun Yadav,Male,2006-11-18,9433627388,arjun.yadav911@gmail.com,Jaipur,Rajasthan
912,Arjun Sharma,Male,1987-06-19,9163073210,arjun.sharma912@gmail.com,Jaipur,Rajasthan
913,Arjun Gupta,Male,1993-02-22,9134195914,arjun.gupta913@gmail.com,Lucknow,Uttar Pradesh
914,Ishaan Joshi,Male,1990-08-14,9734946188,ishaan.joshi914@gmail.com,Ahmedabad,Gujarat
915,Karan Patel,Male,1972-09-06,9252412175,karan.patel915@gmail.com,Bengaluru,Karnataka
916,Aarav Kumar,Male,1979-04-29,9979725216,aarav.kumar916@gmail.com,Mumbai,Maharashtra
917,Arjun Nair,Male,1998-02-19,9666883800,arjun.nair917@gmail.com,Bengaluru,Karnataka
918,Sai Nair,Male,1970-10-12,9539026106,sai.nair918@gmail.com,Mumbai,Maharashtra
919,Neha Verma,Female,1990-06-23,9452019284,neha.verma919@gmail.com,Hyderabad,Telangana
920,Aisha Joshi,Female,2010-05-10,9370187561,aisha.joshi920@gmail.com,Pune,Maharashtra
921,Aditya Reddy,Male,2003-10-25,9141773183,aditya.reddy921@gmail.com,Mumbai,Maharashtra
922,Pooja Patel,Female,1979-04-02,9339161753,pooja.patel922@gmail.com,Kolkata,West Bengal
923,Rahul Yadav,Male,1990-10-02,9101098700,rahul.yadav923@gmail.com,Ahmedabad,Gujarat
924,Aman Gupta,Male,2007-08-27,9158251784,aman.gupta924@gmail.com,Chennai,Tamil Nadu
925,Meera Verma,Female,1982-12-02,9738152428,meera.verma925@gmail.com,Kolkata,West Bengal
926,Aditya Kumar,Male,2010-07-18,9128477146,aditya.kumar926@gmail.com,Bengaluru,Karnataka
927,Pooja Sharma,Female,1997-07-02,9679527012,pooja.sharma927@gmail.com,Lucknow,Uttar Pradesh
928,Karan Singh,Male,1997-03-28,9720391981,karan.singh928@gmail.com,Kolkata,West Bengal
929,Vivaan Verma,Male,1986-12-16,9953536885,vivaan.verma929@gmail.com,Delhi,Delhi
930,Kabir Verma,Male,1995-03-17,9459706428,kabir.verma930@gmail.com,Ahmedabad,Gujarat
931,Sai Patel,Male,1997-04-01,9686686072,sai.patel931@gmail.com,Kolkata,West Bengal
932,Diya Sharma,Female,1994-01-07,9386482123,diya.sharma932@gmail.com,Lucknow,Uttar Pradesh
933,Aman Joshi,Male,1979-08-29,9508097385,aman.joshi933@gmail.com,Kolkata,West Bengal
934,Meera Gupta,Female,2007-10-28,9374766569,meera.gupta934@gmail.com,Chennai,Tamil Nadu
935,Priya Kumar,Female,1995-04-02,9698215900,priya.kumar935@gmail.com,Pune,Maharashtra
936,Sneha Patel,Female,1971-09-08,9723994944,sneha.patel936@gmail.com,Jaipur,Rajasthan
937,Kabir Sharma,Male,1978-09-26,9201384431,kabir.sharma937@gmail.com,Bengaluru,Karnataka
938,Aditya Sharma,Male,1975-01-26,9105770932,aditya.sharma938@gmail.com,Mumbai,Maharashtra
939,Rohan Gupta,Male,1983-08-14,9844529030,rohan.gupta939@gmail.com,Ahmedabad,Gujarat
940,Ananya Verma,Female,2001-11-23,9125860271,ananya.verma940@gmail.com,Chennai,Tamil Nadu
941,Aisha Nair,Female,1981-10-14,9358445438,aisha.nair941@gmail.com,Ahmedabad,Gujarat
942,Aditya Kumar,Male,2009-03-27,9808782103,aditya.kumar942@gmail.com,Bengaluru,Karnataka
943,Aman Gupta,Male,2008-08-06,9022224603,aman.gupta943@gmail.com,Pune,Maharashtra
944,Ishaan Reddy,Male,1981-12-08,9839332365,ishaan.reddy944@gmail.com,Chennai,Tamil Nadu
945,Pooja Singh,Female,1987-11-04,9560380509,pooja.singh945@gmail.com,Jaipur,Rajasthan
946,Meera Nair,Female,2011-01-09,9549794472,meera.nair946@gmail.com,Pune,Maharashtra
947,Rahul Gupta,Male,1975-10-31,9178037111,rahul.gupta947@gmail.com,Pune,Maharashtra
948,Aman Gupta,Male,2010-04-13,9580636466,aman.gupta948@gmail.com,Lucknow,Uttar Pradesh
949,Kabir Verma,Male,2007-01-10,9836334712,kabir.verma949@gmail.com,Kolkata,West Bengal
950,Meera Gupta,Female,1992-01-04,9471043328,meera.gupta950@gmail.com,Chennai,Tamil Nadu
951,Meera Joshi,Female,1981-10-18,9355840012,meera.joshi951@gmail.com,Delhi,Delhi
952,Rohan Kumar,Male,2009-06-20,9846041351,rohan.kumar952@gmail.com,Delhi,Delhi
953,Ishaan Patel,Male,1999-03-14,9125273964,ishaan.patel953@gmail.com,Pune,Maharashtra
954,Meera Yadav,Female,1988-12-03,9972831014,meera.yadav954@gmail.com,Jaipur,Rajasthan
955,Riya Yadav,Female,1987-01-20,9387105756,riya.yadav955@gmail.com,Bengaluru,Karnataka
956,Vivaan Joshi,Male,1982-09-29,9875710296,vivaan.joshi956@gmail.com,Kolkata,West Bengal
957,Ananya Verma,Female,1994-02-26,9656583010,ananya.verma957@gmail.com,Mumbai,Maharashtra
958,Sneha Gupta,Female,1986-11-13,9990537509,sneha.gupta958@gmail.com,Ahmedabad,Gujarat
959,Aditya Patel,Male,1976-04-09,9483793826,aditya.patel959@gmail.com,Chennai,Tamil Nadu
960,Arjun Yadav,Male,1971-08-05,9474792294,arjun.yadav960@gmail.com,Mumbai,Maharashtra
961,Ananya Singh,Female,1988-08-21,9719367096,ananya.singh961@gmail.com,Ahmedabad,Gujarat
962,Aman Kumar,Male,1996-12-20,9779574165,aman.kumar962@gmail.com,Mumbai,Maharashtra
963,Arjun Gupta,Male,2002-12-20,9457042646,arjun.gupta963@gmail.com,Bengaluru,Karnataka
964,Vivaan Reddy,Male,2003-12-30,9306560496,vivaan.reddy964@gmail.com,Kolkata,West Bengal
965,Pooja Sharma,Female,2002-09-13,9903488501,pooja.sharma965@gmail.com,Lucknow,Uttar Pradesh
966,Neha Patel,Female,2002-10-28,9762517041,neha.patel966@gmail.com,Mumbai,Maharashtra
967,Riya Reddy,Female,1983-12-11,9932493467,riya.reddy967@gmail.com,Ahmedabad,Gujarat
968,Riya Nair,Female,1983-08-23,9199044040,riya.nair968@gmail.com,Hyderabad,Telangana
969,Rahul Yadav,Male,1997-05-09,9107101582,rahul.yadav969@gmail.com,Kolkata,West Bengal
970,Diya Singh,Female,2004-03-09,9053253813,diya.singh970@gmail.com,Bengaluru,Karnataka
971,Ishaan Sharma,Male,1989-11-19,9950502572,ishaan.sharma971@gmail.com,Bengaluru,Karnataka
972,Ananya Joshi,Female,1978-05-14,9724644110,ananya.joshi972@gmail.com,Delhi,Delhi
973,Aditya Singh,Male,2004-12-31,9149446090,aditya.singh973@gmail.com,Hyderabad,Telangana
974,Diya Singh,Female,2006-05-26,9842032849,diya.singh974@gmail.com,Lucknow,Uttar Pradesh
975,Rohan Joshi,Male,1977-07-10,9538398868,rohan.joshi975@gmail.com,Jaipur,Rajasthan
976,Aarav Singh,Male,1989-01-07,9216106597,aarav.singh976@gmail.com,Mumbai,Maharashtra
977,Ananya Patel,Female,1993-12-02,9669864934,ananya.patel977@gmail.com,Hyderabad,Telangana
978,Ishaan Verma,Male,1996-10-07,9466813977,ishaan.verma978@gmail.com,Hyderabad,Telangana
979,Rahul Gupta,Male,2003-12-17,9550813964,rahul.gupta979@gmail.com,Kolkata,West Bengal
980,Diya Reddy,Female,1985-08-18,9665871378,diya.reddy980@gmail.com,Mumbai,Maharashtra
981,Ishaan Nair,Male,1979-10-01,9911601593,ishaan.nair981@gmail.com,Pune,Maharashtra
982,Riya Yadav,Female,1970-12-24,9644058189,riya.yadav982@gmail.com,Bengaluru,Karnataka
983,Rahul Verma,Male,1999-10-10,9521996931,rahul.verma983@gmail.com,Jaipur,Rajasthan
984,Ananya Kumar,Female,1990-12-09,9895390016,ananya.kumar984@gmail.com,Chennai,Tamil Nadu
985,Rahul Kumar,Male,1979-12-01,9793178994,rahul.kumar985@gmail.com,Hyderabad,Telangana
986,Ananya Nair,Female,2009-08-15,9037069940,ananya.nair986@gmail.com,Bengaluru,Karnataka
987,Sai Gupta,Male,2010-10-13,9371474796,sai.gupta987@gmail.com,Bengaluru,Karnataka
988,Ishaan Yadav,Male,1980-09-29,9395601558,ishaan.yadav988@gmail.com,Delhi,Delhi
989,Neha Verma,Female,1995-04-30,9571400306,neha.verma989@gmail.com,Chennai,Tamil Nadu
990,Diya Verma,Female,1987-12-27,9430713216,diya.verma990@gmail.com,Pune,Maharashtra
991,Aisha Gupta,Female,2002-04-14,9588437265,aisha.gupta991@gmail.com,Bengaluru,Karnataka
992,Sai Patel,Male,1998-08-09,9772358497,sai.patel992@gmail.com,Chennai,Tamil Nadu
993,Aman Gupta,Male,1995-09-10,9197954085,aman.gupta993@gmail.com,Delhi,Delhi
994,Aisha Joshi,Female,2001-11-28,9415702590,aisha.joshi994@gmail.com,Jaipur,Rajasthan
995,Meera Verma,Female,1991-04-07,9250757312,meera.verma995@gmail.com,Pune,Maharashtra
996,Meera Reddy,Female,1998-09-14,9214382123,meera.reddy996@gmail.com,Jaipur,Rajasthan
997,Kabir Kumar,Male,1986-09-29,9672792041,kabir.kumar997@gmail.com,Chennai,Tamil Nadu
998,Rahul Nair,Male,1984-07-09,9024043946,rahul.nair998@gmail.com,Ahmedabad,Gujarat
999,Kabir Sharma,Male,1980-08-09,9755227847,kabir.sharma999@gmail.com,Bengaluru,Karnataka
1000,Rohan Gupta,Male,1974-05-05,9042846369,rohan.gupta1000@gmail.com,Jaipur,Rajasthan
